🎙劉玉婷Joann🎙,喉結🎙..之臺北帥😒,金曲投劉玉婷開播了快來投,黑屏中,花心松,🎙😎誠誠😎🐟,🎙安爺C.A🥊,🎙蝙蝠俠💨🎙,$$,🎙🎼金曲炸玉婷～小豪,🎙玉婷女歌神🎙RAY,🙄🅰©💘拉拉🍉,千面面1364340金曲,🎙專屬💖劉玉婷🎙瘋,金氣請支持1380279,🛫jacky🇨🇦,🎙再見只是工具人🎙,㏹到㏾金曲票投玉婷🎙寶,➖🎹剑十一狼🐺,🎙玉婷☀🐟🐳の鎮鎮,🎙玉婷女歌神🎙阿桐伯,㏹到㏾金曲票投玉婷🎙佑,🎙玉婷女歌神🎙小小邱,don哥,華哥,Anna❤️,🌟🎙🌸☀🍭🐟綺,🎐蕭蕭專屬天使🎐喬巴,忻恬💜Albert,金曲票請投玉婷🎙魔馬克,EE🌺の☀佐藤將🐑,🎙玉婷女歌神-青茶無糖,❦꧁沒判斷力瞎爆了༊🍷,☀霈霈💍林欣霈☀️,⌚️O’Connor⌚️,☀️亞倫💫,🎙玉婷女歌神🎙鍾小傑,🎙找回🎤,🎙金曲玉婷🎙…黑粉,金曲🎫投玉婷🎙紅塵帥,🍃🍃暗黑邊緣人࿐🍃,玉婷女歌神🎙吉☀,金曲🎫請投玉婷❤小e,痠🎀,🎙玉婷之音🌲💍,🎙玉婷的心狠手辣🌲,☀🎀🎙🐈🎸🌲,🎙玉婷女歌神🎙柳丁,遊戲主播🎙️吃🐥丁丁,☀霈²專屬💍🎙陪伴者,🎙摯愛玉婷女歌后🎙濛
1258874,7499261,7405021,3593541,2924887,1969862,1602713,1438005,1070107,1049431,1005004,905340,862557,727450,644213,635820,573172,537402,532905,513761,501280,476733,386722,320498,300548,300000,288442,281565,275993,270832,267960,261161,258515,257451,245232,243402,239923,227663,226781,220736,214260,209849,198001,191369,176094,170372,168524,162324,159370,147809,144969
新主播🐈喵星人🌎峻峻,Raychan,KellY凯莉🌈,😈宗宗宗易阿政🌽⁸⁷,小孩,💘繫奇諾💈維維,💎🎂煉☕🔥,👑熊貓團🔝宜婷,ÅWÜ✨暖萌主播阿巫💎,人氣票請投樂凡❤kiki,AWU✨阿巫💎小媽🍼,🐈小喵峻人🐾佳ㄦ❤,愷弟⚡護虎殿🐯凱蒂貓,佐易🐋🏖專屬小狐狸,吃肉肉主播⏰鈴湘📣,魔鬼中🌈出天使,包餃子,元氣💪,凱莉K莉🌈,🐈小喵峻人🐾小兇許,🐈小喵峻人🐾佳陽🖍,六月新主播🐱喵喵小公主,小喵峻人🐈一顆猩🐾,🐈小喵峻人🐾佳樺,我是美女,護虎殿✖️KA🐯,🐈小喵峻人🐾유 잉,an,新主播💜竹竹🐷,༄༊࿆艾亞°ོྂཾ࿆࿐,倫🌴巫💎峻🐈軟今天,新主播🐾你の北鼻🍼,🐻泰迪💋水母🍋,GAM告⚜️祠語🐟純婷,潛水馬鈴薯🥔,💫艾迪⛅CJ,綠龍村🐲🌱皮諾丘,yoyo💋,🦖NiCTeOr🐣,夜,新主播💕小松鼠奇奇,加斯,🐈小喵峻人🐾家卉,Lillian Wang,佳陽,💗寶寶💗,🐽🍋🐼❄🐻家白白,emily,麥片,融兒💋我是小愛哭包😝,🎀泱泱🎀のQoo
1426448,30000,17414,7713,6033,3541,1634,1314,1120,1066,1000,914,749,666,572,384,343,284,187,179,80,74,72,55,42,42,40,38,36,36,34,33,32,31,29,26,26,26,25,24,21,20,19,17,17,14,12,12,12,12,11
✨下午四點熱推二銘🎤,千面面1364340金曲,✨二銘🎧小小愛北鼻💋,😈你の女友💜姍姍兒,✨二銘🎫🎧小路😈,🐋婏婏🌦,人氣票給1333416,摸摸⛱,請讓他⬆️停留在你❤裡吧,金氣請支持1380279,✨16點二銘熱推🎧Mu,不當個凡人,Joy🤖,🎯有孟最美🎯Ruby,❦꧁沒判斷力瞎爆了༊🍷,🏅✧鄒鄒🎱✧,傻寶😘,黑暗👻音驚羊😸幽靈,傻寶,愷家軍⚡貝殼🐚小二路,昊毅,新主播🌙芠🔮,😈ㄐ掰的老郭☆酥酥☆,小東兒,牧凝守護者🐰🐰綠茶,✨二銘好花花🎤醜醜,⚡️步步💙,😈亞亞😈,關老大👻花²🌹,🌷哎呀親🌷,兒雨🖖,陪哈利紅過每一個四季雨倫,👶🏻夢琳,維克🍻奇諾💈筠婷,🍤夏安™️®️崎,咖波❤️,白川祐平🍣划仔Eric,小肥,只想好好唱歌🖕🏻莉莉,🍯金曲嗡嗡🐝丱鸆浂,歐喔,👼🏻181🥁歪歐,😈唯一的姍姍💜太太,✏勤奮小主播妍晴🌹,🤬🤬暐🖕鴿🤬🤬,右臉子妃😏😏,學姐🐟娜娜,🔥Makiyo,䊹ㄑㄧㄢˋ,Benson🇹🇼楷,💯%瘋人氣🔹笑欸➿
1997630,568415,365479,363403,342211,340772,270917,209814,207681,112847,82822,82741,82552,76509,69289,65881,62613,62215,60242,51649,50970,50026,48564,47650,45978,41713,40891,39419,37895,37796,36546,35855,35600,35387,34500,34325,34103,32195,29653,26943,26689,22938,18744,18354,18349,18334,18278,17512,17029,16951,16632
🌤🐳我的寶貝國花🌹,🐳YA🌹,殺手的童話~,毒愛貝貝💕孩子的爹🤢,👻🌹小幽靈,熱愛☀️貝貝💕,闊嘴的國花🌹欸阿良👺,桂晞研公主🧚墨緣,Yo🌹,阿水Awater導演主播,❤️❤️專屬🌸苡宸🌸,武老千魔術師不能說的㊙㊙,🍡花枝丸🍡,小五,獨愛💕任性貝貝💕場控,🌤️🌹李憲哥,小⃢心肝❎,🐹DD🐹🐳拳拳🌹,📯霖🌹,金曲投小玉兒Chance,打發時間,🖤Heidfeld,親愛的💙,🌱小草級主播🍑狸寶,哎唷wEi,🌈地表最帥的大叔🦖,🍁🍁🍁🍁🍁,不准關心我 我會禮尚往來,🐾酥酥派🐾芯🌹,🎧ㄨㄞ🎧,Teddy🐾CC,🐳,仔仔,佩佩🐷欠巴頭✌祥。,❤💚濟公💛💙,🎙JinShen,👻李媽蔥花🌹,老公🌸,太紫爺💕無情玫瑰花🌹,忻樂園🙌拳拳,鎖住妳🔒偉認🔑,✈圍事🌸,🕰0,玻璃心,🎐🎀💝☪💠兔兔哥,喝紅茶☕,阿曜😈🖤,⚔嘻皮🌸💋🍬🍃,🐼寶兒幫🐼South,金曲投翊忻🙌一塊兩毛五,沒有你孤單寶貝暫時離
2638046,192339,101711,72789,72433,70553,59896,51320,50272,40225,39123,25101,23986,22020,15908,13693,13381,11893,11675,10050,9184,8175,7921,7803,7539,7113,6444,6023,5978,5954,3769,3610,3227,3132,2833,2713,2440,2326,2308,2307,2203,2187,2000,1969,1680,1671,1635,1580,1522,1519,1502
🎠潔c卡儿🎡,cottoncandy,相遇的話題,星,Forgetmeno-賞,自閉中,礙了很久的朋友,🍂,💋💋,🔝神秘大叔🎧🎤🎸,❦꧁沒判斷力瞎爆了༊🍷,絕對沒人知道我是誰,西卡軍團🌻小但,❄️小麥麥❄️🚬,杜忻恬🎤女神💜掛人氣,金曲🙌🏾翊忻🎤,🌻WeiNa👻,令令,🌻🌻La💋🐈,莉莉專屬騎士南成🌻,🥃🥃飛天🥃🥃🥃,潔西卡儿🌻King👑,🐝玹🌻🦊狐怕護🌸,金曲🙌🏾翊忻の妮妮,AllenHuang,只想好好唱歌🖕🏻莉莉,💋🐺👻༄༂日月༃࿐,🐰傑✨,hot星球🎈柏廷,丸🍡家君🍣🐰,西卡の530,Verona可可粉,魚🎣,siCA潔西卡🌻伊森,御·八方,單車主播😎御風🌀,金曲主播🎤鄞芽兒,金曲🎫🐈姿昀🎹✩全,金曲翊忻🙌🏻宜宜,潔西卡專屬南成,🍒兔葆葆🍼♡̷♡̷,王弘文,帥到掉揸的單身狗 老甘,氣流,凱,🌟主啵葳葳啾啾💋💋,💕💖星辰之戀,🔝🐈姿昀🎤,壹人,🌞阿提卡卡🐳滴滴,13
1298038,6398636,2377329,1838794,1414272,363609,305619,279829,270018,262167,253792,249871,241487,240851,238111,215261,143981,143099,136598,134798,125781,124381,112465,109694,90560,84555,82137,81433,75066,74443,71557,71166,67930,67849,64715,58900,57209,51682,51199,50143,49286,48998,48792,48688,48355,45795,42325,41793,41295,40522,40056
ੴ真摯柔琴ॡ至柔♫♬®,ੴ至柔の猜猜王ॡ♫♬澎澎,星,ੴ至柔の真愛ॡ ཻ⋆心肝,歲月,ੴ至柔の甜嘴大叔ॡ叡♫♬,ੴ至柔ॡ貪吃の肚肚,ੴ金曲🎤至柔ॡの胖皮蛋,♨❄寒山🏔♨,氣流,喉結🎙..之臺北帥😒,ੴ至柔の細胞壁ॡ♫萱,87暉暉,ੴ至柔ॡ♫手手💕,守護💗至柔屬搖滾企🐧,至柔的🍮🍮🍮,🐝金曲蜂✨🎠🎡,☠️飛哥☠️🧚‍♂️,至柔額頭,ੴ至柔ॡଁ心肝の小壞蛋,😽韻安🎤,至柔的小阿肥,至柔的小乒乓😁,子沂🐏害咻一波舒芙蕾,🎤金曲蜂🐝Simo,ੴ至柔ॡ♫♬の呆妹,ੴ至柔ॡ♫♬® 錢難有,ੴ至柔の鐵肺ॡ水水,༺ 張西煕 ༻,好棒棒👏🏻,🔺️Ting🔻,保育類🐢無言保廷🐢,🐈幸福の昭昭,金曲歌手🐢海龜,金曲海龜🐢Yo翰,💕💖星辰之戀,傳動,🍶wiwipu🐢,Ⓜ1429998Ⓜ獨角戲,ੴ至柔ॡ小手♫,✺是誰✺,✨應幫幫官方機器人💫,☀️霈霈☀️Jacky,阿亮,過客,😽韻安🎤K哥♈,🎹🎤Ree睿騰,熊大🐻,✨💖🦋S姐🐝💫,ੴ至柔ॡ♫♬のWan財,本帳號僅供熱播值使用
1299701,3531783,3061696,1531889,1169160,965360,865565,700710,691252,599509,527022,500203,478993,406380,347367,317405,315331,312052,285388,275985,223699,213127,208199,176201,171581,166977,162887,151807,113842,113322,105730,105328,103868,102991,102823,92792,88872,88454,82412,82110,81414,78289,71124,68859,66799,65109,64481,60688,59506,57569,56081
💫幸福女神🎂菲菲,❤️,🐳藍鯨🐳,💞專屬菲傭💞宥宥,薇薇😍菲菲💋知韶,🚀🚀🚀🚀歐巴哥哥,💗菲菲專屬跟班🏍品逸,范哲耀,菲進妳❤️明璋🍠,威廉沈,圈圈XX,人生,女兒,🎀小虎牙菲菲💕宗恩,👠佳人旎💙菲力™📛,金賢胖毆巴,🐰專屬予瑄🐰波波,🔆我の晴晴🔆擊敗B,♒A nan,村瀨藤昌👺,Panda🐼,人氣票琵琶Yoyo-笨笨,⊀可樂⊁,濃之茶,Rio,欻,我前男友➰,❄ⓥ時代場控❄♈龍龍♈✌,📉😩呱²📅📈🙏,🐰予瑄專屬🐰波波,🔥小林🔥,💗肉包芙💗邊緣小顥,kiss親,ZL,🍀愛張小鈴鐺の禁刷秉煌,小牛,真心絕不悔的🍓金剛🍓,😸🥕😇小猴🍑🐣,🐱Jacky 歐巴😎,😈黑胃洞貝拉😈有廷,陳樂樂,🎀泱泱💫熊大,🐽維霆🐹,阿哲,你是誰啊,༺❦꧁風༒雲꧂❦༻,IS SU,家豪,水豚薇薇🌵飄逸❤,💯%瘋人氣🔹笑欸➿,༺等☬待༻
1908948,1232022,996248,547201,297742,256509,242769,208840,196052,143295,124138,98544,83871,83662,81202,73588,68621,67248,59246,35803,30533,29380,28300,26282,20424,19282,18055,17204,15402,15000,13799,12453,12094,11806,9577,8620,7989,7580,6896,6705,6208,5666,5313,5066,4929,4775,4700,4694,4663,4606,4573
☀金曲主播🎵小黑黑🍣,•~Ûncle~♪,黑🌻 過客原來是隻貓,⚾️🔥PonPon🎰,㋇㏣㍨小黑熱推🌻佳妹,賣萌主播🏓達達DADA,黑🌻敏鎬同學,麻糬蓉,☀️亞倫💫,🌊小思🌊,🌀NICK陳健一🌀,🔥⚾️⚾️⚾️恩啊恩啊,Benson🇹🇼JJ,🕷️發發發®️,小¥豪¥哥,黑🌻🌟🐢,▶_◾黑🌻🐷🏓🐷,歐🎸睿🎹健🌀萱萱,崖上的波貓,🎠卡馬先生🎠,🐑傑克🎖🚸,☀人氣男兒生魚片🍣,蛋糕小姐,暖聲彈唱🎸富益🆓,黑🌻富益🆓撩人螢螢,Luna🌬露娜,衛管🙌內務府協辦大學士,黑🌻向陽發光,林茂榮,Edison,😘,金曲投小黑🌻呆,黑🌻菲比🆓,TK,黑🌻正宇是我🆓🌱,不要問我從哪裡來,每天都要笑👴我是景字號,💕NOID🐟,ㄒ恤週邊客製🦂Jay,༺ 張西煕 ༻,🌊伊伊伊伊伊万🌊,新主播💄娜妮,🌀Mark🐻,艾倫哥哥,🎸富益🆓🌞秋子🌱,哇～草🤣青銅35,黑🌻Jackson✿✨,抒情女聲🗼Share,⚡️音樂主⚡️黃金雷⚡️,ToDay今🗽,ᴀᴍʙᴇʀ☀️
1181724,1640929,1530256,962032,653151,424642,326235,283627,261247,236985,226463,191104,182101,178835,178040,173526,166185,166039,163963,147739,130098,126879,108909,107626,106126,99822,95229,90394,84961,81791,80854,80138,77567,75878,75391,71164,67440,65373,63925,63885,59370,58065,48258,46992,46902,46643,43776,42845,40310,40144,40052
人氣票🙏鐵肺美金💰,人氣投給美金💰彬哥🔱,🔱黃金戰士№5🔱旺旺,人氣投鐵肺美金💰Mr汪,💰黃帥,🐝小峰🐝🐠,💰鐵肺美金🎤家蓁,黃金戰士№3👽👽👽,☠️飛哥☠️🧚‍♂️,💰鐵肺美金🎤育彬,人氣投鐵肺美金💰小董,青煙,⚡阿棋⚡️,地獄倒楣鬼713,☀️亞倫💫,💰鐵肺美金🎤★珮珮★,人氣票送美金🎤印錢,😜😜阿偉,✴巫弟✴,唷唷唷,欣毅,🎵🍔懶懶的🎹搗蛋緗,$$,人氣投美金💰張希希,人氣投鐵肺美金💰南賽,鐵肺美金🙏🎩英鎊🍺,👿捷👼,人氣票投鐵肺美金💰凱文,汪妹人氣票1642971,❔,亦欣,華哥,ㄚ龍,濕沐雨叫我台屁，真的是屁,😜🎤小鈺❤️,鄭妹主播~漫步雲端做自己,人氣請投給美金💰朝揚,🌊🌾💑凱123,☠海賊王☠莫狂🎨🌍,☀️💍,㋇㏹本丸音樂會🍙宋本媽,明帥企業💎👀低調良良,💕遊戲實況主💐花花,阿柱,💚小叡,🎤鐵肺美金💰阿嘉,金正恩,☃️玩玩直播追姐☃️,Mino ❄咪💰歐元,歪膩🐻人氣🎸🐰,Rossi™🍭金茉莉
1467845,13456815,3075793,2609829,2598923,1664784,1624557,1606586,1395385,1308816,1255501,1182054,749254,742441,659666,604142,576631,489487,471445,407777,403919,384179,381233,378202,344524,304435,293714,286611,286053,268894,240104,239541,233955,229762,229189,224620,222632,205414,186700,176568,169580,164330,162694,162042,160923,156260,155929,148491,144624,142778,138486
霜淇淋女孩🍦伶伶🍦,莘蒂👸™亀亀™,🎤🎵🌹莎菈🌹,🎤🌹愛莎菈🌹阿加,💥海尼根💥,菊花熊,金曲歌手🎩韋爵爺本人,🌹莎菈🌹💋~千島醬,大大,👊金曲千面面✌微笑,💒九尾雞♨🐲甲魚湯,Hi👋I’m🐔🐔肥,🌹浪之神繪手黃老闆💋,🌹莎菈🥗油²,彰,吳宗憲後援會🍉會長西瓜,😜😜阿偉,守護,☀️小丁做事小丁當🌸,可愛又漂亮鹿妃❤瑋寶貝,歌唱主播💞糖心保材💞,可樂,霸氣🏠店長Tim,👊千面金曲✌書銘📚,職業駕駛啤酒🍺陳慶賓,☘公益彩券主播💟小義哥,潘政霖,裸妝主播🦄顏妡💗,愛莎菈🥗の小饅頭💋,💘伶伶💟的老司機小胖,ฅ歐陽家ฅ瑄瑄❣,張芸瑄,莊小燕,💕꧁緁彤꧂💕✵迪迪✵,🎤🌹愛莎菈🌹阿加,🎤🌹愛莎菈🌹阿加,🍐FiFi💋豬排便當,🍦冰淇淋女孩🍦 比比,🌹專屬莎菈🌹庭慈,🎵🎤🎧👊千面面✌,👑守護一萬公里的約定,LiouYouRuei,🚂⚡阿全,霜淇伶妹妹粉絲-瑞哥,李西,珊,🌹莎菈🌹小瑋,☺☺☺,🐻小羊～小金哥,歐陽家寶貝2號😂😂,🌹莎菈🌹莎菈醬
1334503,10072,9230,6152,5891,5174,4979,4430,4195,2688,1907,1670,1533,1483,1459,1408,1358,1358,1316,1314,1291,1061,676,634,612,427,321,321,297,290,259,250,234,229,226,164,152,147,129,117,94,82,62,57,54,50,44,40,37,36,36
金曲歌手🐢海龜,Sonic,🙇金曲海龜🐢&005,保育類🐢鹿界男神,保育類🐢無言保廷🐢,➖🎹剑十一狼🐺,金曲海龜🐢Yo翰,最壞不過是關上這世界的門,金曲海龜🐢蓁秦告白🐢,🍶wiwipu🐢,fly,🙄🅰©💘拉拉🍉,義爺,武老千魔術師不能說的㊙㊙,🐢新新🐢,🐢凌寶寶追著海龜跑🏃,🐢TIKON,Alan,小夜,最愛海龜女神😍Joy,🐼🐼🐼🐼🐼🐼,星村,Anny🐷沈豬,星,🧟Zombie™️®️,花心松,🌤藍天,宋本丸🍙¹🎰₂🦄³,喉結🎙..之臺北帥😒,❤甜心卡🍖阮曉曉,🦕調皮搗蛋胖炫🙄🐢,丁,獨自唱情歌,500,👹RF👹小弘🐢,💕金古錐🐢🍭💕,Luna🌬露娜~大塊,有💜就知道我☔,歪膩🐻人氣🎸🐰,這碗麵很燙,小輝🌸💍,御·八方,☀️霈霈☀️Jacky,ੴ真摯柔琴ॡ至柔♫♬®,🍫巧克力粉🍩歌蒂梵油,🎙️大狂風,💠呆辰程の順啊🐢,最痛的愛是笑著說再見,🤘《劉洛克》🤘,Rachel,🐸🐸🐸
1042046,6959585,3078127,2965298,2937137,2287755,1709964,1227721,1073790,859188,859170,761834,688026,661062,602078,588565,578481,452847,405588,385929,298268,295256,290381,274575,214402,203404,202166,199737,189624,183899,175726,169495,163320,150305,150215,147798,138111,137783,134759,134056,133924,125521,122494,116883,116463,115084,110284,108087,107336,103049,101040
湘,🐷湘🐽歪,浪客🍃獨自旅行,拓拔俊(장동건),🧟Zombie™️®️,邊緣人,パタモン,Kimi_Wang🧡,cottoncandy,SweetPotato,🌧️小蔡健雅雨瑾💙,♞愛上魚的貓🐱♱,99nights ,👩上兵愛喝麥香紅茶🐷,🦋佑兒專屬🥀巴黎鐵塔,🗿貼貼專屬🍖阿平,高石タケル,湘噴噴的塔☀️,👑 H z j_,不能說的秘密,我誰都不是,❦꧁浪Bar💘愛玉🚀,[诈骗骑士帮]████明,㏽㍬熱推🌱小咪💕のW,泰寶貝,人氣請支持㊙武老千-飄跩,我湘全浪最美🙈ℕḯ,新主播🐒有隻阿護,唐唐💫Leo🍃,🌸飛妮不可✈阿布,💣Zic饒·RB🔥,路克路克,811毛叢叢畫展~寶寶娜,🐳🐳DW,倢婚吧🐷obeylai,小壁🐯,我是麒麟呀,金曲票投妮蔻🌹alen,Wu64,翹臀小可🦄～銀色十字架,👶寶寶☀️Morrow,🌙最愛人氣寧寧🐰奕海,🤖人0.01浪花的感覺,🍶wiwipu🐢,🔥與芷同在🍻小穎™,•~Ûncle~♪,豆漿油條 皮蛋粥 茶葉蛋,stuart斯圖,🐱娛樂女頑🔥語辰🐾,🌺🌸花花的Marco,㋇㏪叢叢週年盛會🎨
2725104,150037,126470,94145,81700,78516,73962,65391,47105,43827,42107,41869,40933,39796,36941,36251,32460,29712,27701,27471,26591,25282,23860,22075,19847,18816,18693,18611,16967,14845,14588,13186,13140,12397,10972,10795,10733,10545,10414,8623,8368,7299,6856,6807,6725,6550,6152,6138,6130,5994,5650
🔱人氣天使啾比👼🏻,🔱啾比笛🌙大聖,琵琶yoyo🌸王秀策,🔱啾比笛🌙廖元港,🔱啾比笛🌙渡河映月,🈳晨晨☀嘿小妖,🔱長笛啾比🌙兩光噗,🔱啾比笛🌙小淘氣,🔱長笛啾比🌙沃克🐶,🔱人氣啾比🌙專屬法抖,🔱啾比笛🌙—曜瑋,🔱妖魔👹🌙,🍠偶4安琪粉🍠仁傑,阿瑋,療癒系🕊未来のメロディ,🔱長笛啾比🌙ㄟ笨苯,🔱人氣啾比笛😇彎義,🔱人氣啾比🌙の蛋秘書,人氣請支持㊙老千－豪豪豪,人蔘剩一組,黎兒👸🎀DL😽🌸,🔱啾比笛🌙太寰主,🔱狂暴長笛美啾🌙大仙,😽韻安🎤K哥♈,🔱長笛啾比🌙眠龍🐉,🔱長笛啾比🌙黑色💛,YEN-MIN,貝比的拉麵🍜浪子🍜,Souffle,🔱啾比笛🌙中可🦁,🐲飛馬娛樂-六師弟🐲,😇人氣票投慈慈Can,macchiato,🕊琦琦青蘋果🍏蛋蛋,🔱長笛啾比🌙歐俊C,🔱🎀嵐嵐🎻🌙瑞可,花皮,🔱長笛啾比🌙小賴😘,乾杯🎷,🔱長笛啾比🌙香香哥,🔱 今日臭腥🥚兩蛋噗,🕊小清新艾比😙錦堂,🔱雙聲歌手😴金曲咪,別問我是誰之K哥,🔱長笛啾比🌙黑色💜,冥王,हई╬ৡৢ噹哥╬ईह,紫色小魚,😘Queena莙莙,🎡摩天輪🎡嘉,风清扬🗡笑傲江湖🗡
1272684,9438620,6026872,4386597,3199091,3005228,2997377,2327964,2274143,1769807,1769600,1677276,1674429,1523134,1343707,1308792,1218998,1131528,1092278,950366,935879,926240,919915,760576,736061,686146,667757,647549,622910,522038,494299,470009,418972,385595,381819,379668,366633,349935,333597,327578,326628,314245,305704,289938,287292,270759,270292,251420,247633,246024,238206
🍁楓靈主播🍁峰仔仔,💫泡沫💫,🧡婉兒🧡老公💋💋,Ⓜλυϲασ 🐷🍁霏,🍁平凡夏天🍁,禁飛令已下達之斷翅蝴蝶,人氣請投給美金💰朝揚,晲寶⁶⁸⁶⁸⁶⁸³⁸⁶⁵,꧁嘞是鬼鬼♛⁷⁶⁸⁶👻,🐲新昇代💋翔隱❄,子沂🐏害咻一波舒芙蕾,🌺Mina🔙,🤘金曲克🤘Sab🐯,小米漿o(〃＾▽＾〃)o,🧡🧡婉兒主播🧡🧡,吥吥,是終點也是原點,晲是我の寶☀不用想我,允燦💤,🌌鄭芸☁,星主播💫亮✨,🧡婉兒🧡Y,💮妍希🎯,0811週年畫展見面會,狗狗✨,🍱愛料理¥米兒🍱,承晟,🌸汪妹止渴🌺主播⌚,🌟神奇海星姐姐🌟,🌊逸達飛🚀管家李美美,🥊喬許🥋,妳不懂我的平凡,主播💫飄飄💜（👻）,🌋小🌋小🌋呂🌋,㋇㏹本丸音樂會🍙宋本媽,薪煮波💄陳麥咖💋,☀辣椒霈霈💍💫肥💫,LOHAS,❤琇琇❤,五隻貓主播♛Ġ妮♛,小薇,❤9420的跳制🤗,🌻🌼🌻🌼🌻🌼,🎡在摩天輪の💠木耳❕,主播💕珍妮公主👑,🐋婏婏🌦,阿祺,風之太郎,🍒vk薇琪🍒專屬🌽,💖💖Anne💖💖,戴嘉💗
1898710,117606,55651,38212,37343,31767,26797,25541,21930,20091,19438,18771,16346,15816,15365,13634,13278,12966,12854,10370,9368,9350,9198,9174,8818,7970,6804,6295,5702,5555,5262,5198,4941,4629,4316,4175,3787,3662,3654,3493,3297,3206,3166,2694,2689,2677,2674,2659,2658,2647,2636
💠金曲🎤雨璇,💠金曲雨璇🎤吼龍,9,•~Ûncle~♪,💠純聲雨璇🎤金賀,只是大魔王,💍咩女神💎✨,🏰金曲ღ宛霖✮家宏,💠純聲雨璇🎤神秘者,💠金曲雨璇🎤修羅,👹RF👹小豪,🙄🅰©💘拉拉🍉,安靜不撩妹✌心情,💠純聲雨璇🎤豬元寶,☄🌠浪子🌠☄,☀人氣江晴🐕尚古意a郎,🎤🌸小天🌸風漫雲輕,💠金曲雨璇🎤小朋友,🐳,❦꧁沒判斷力瞎爆了༊🍷,守護永恆的愛💝浪濤盡,God,🎸茵茵🎸印丞,小浪子,Luna🌬露娜,Marionette,Ivan😀,🐳,Ditto,🐳,💠金曲雨璇🎤查爾斯,Luna🌬露娜~大塊,Luna🌬鹹酥雞,💕💫🌹🌝🌺保镳,歐熊,風采鈴,八級會員94愛妳99,查無此人,Unleashed_CC,🐳,💠金曲雨璇🎤無敵屁孩,。,😘,[ V ],燦爛又孤單的神,🐳,🍠偶4憨吉粉🍠小緯,🐳,🐳,胖成球,小天🌸宏杰
1828581,3125799,2942099,2538610,1314520,1112828,1112596,1069936,968172,850993,821580,676961,597171,577984,572962,466421,434256,396403,309165,299743,285727,278280,273950,232802,231690,231484,189392,182685,180308,151001,143112,136101,134751,131512,129365,122850,113335,112608,111099,104308,100279,94489,91519,91235,84585,81634,75713,70958,70020,67393,66988
長腿甜心💙品諭💙🐈,💙品諭💙悟是非凡,💙品諭💙麵包,💙品諭💙顥琰,💙品諭💙David,💙品諭💙闇叁小,༺༽༾ཊ山࿈雞ཏ༿༼༻,阿捏母湯啦😭,꧁黑蒼蠅꧂🐛,💙品諭💙Shien霖,傳說中的法鬥🐻晨熊,❤️阿甜寶😻四代,Alan,💙品諭💙五歲の迪迪,瑞瑞主播✈ʕ•ᴥ•ʔ,愛優侑🌸金城五帥氣回歸,💙品諭💙小楓軒兒,盧瑞麒,🈳彤㏼㍥金曲🔥右右,獸神將,zora🐝Troy💙,hiTaiwan,🌹小米🍯亞伯拉罕🌹,花寶🌹白相🎨,成哥,🐍 ⓈⓃⒶⓀⒺ 🎧,萌唱主播💕小宮🌺,旺寶💕💕傻逼頌揚,檸萌🍋我是柴犬,💜小迷露💜洛洛,我愛楚楚愛慘了,🥀一隻瑜🐠大衛,新主播💋貝蒂💗,傻傻的漾小明,💙品諭💙の龍,💙品諭💙俊偉,東方明亮,✧獨愛凱蒂老師✏️定榮✧,林金鴻,🎃嬉皮老爹💋,🍎蘋果妹🍎の打貓,最愛🍎的小雨🍹,💙品諭💙卡特爾,🎙安爺C.A🥊,🌤藍天,🛫jacky🇨🇦,璇璇兒,亦修,盧寶劍,林志輝,✨最愛姆姆ㄟ老北✨✨
2257075,359447,304439,87588,78441,71875,44948,43260,30356,23728,23172,22670,22367,22031,20717,19401,18600,17919,14611,12640,10911,10049,9850,9262,8971,8046,8016,7848,6998,5768,4869,4601,4000,3990,3918,3632,3629,3399,3312,3244,3217,3167,2673,2628,2619,2540,2464,2250,2082,2045,2014
你的寶貝👻香艾💕,💕草哥🧡🎀,🎀泱泱🎀のQoo,Kimi_Wang🧡,💝👻歐巴😎卡金馬,ℳ皇の祺將ღ,🌊芳小如💫宏豐🌊,🅜米米💓伯樂,已不存在,👻萌主香艾💕馬子狗,🎀舜智☻,歐熊,🎈靜文🚴🎈,☀️亞倫💫,🎀人氣田甜🎀吉米！,👻香艾寶貝的宥儷姐❤️,🎀👻Joe💕💫,🙈李老八🙈無法無地,📛蜜旎Minnie🎤,人氣主播🎀泱泱💫,㋇㏪叢叢周年盛會🎨落葉,欸✴冷,唯❤＿＿的pinky,萌主香艾💕李老八,米🌸,👻Q萌主香艾💕夜羽,🎠灰姑娘🎃家鑫💕,琮晏,小花,玻璃心,👻萌主香艾💕愛張跩,❤凱蒂老師❤朱煌津,人氣🎠欣蒂貝貝👑白喵,💕Yiwei💕,💋ㄚ哲💋,荳荳,港幣一隻猴,十殿轉輪王,呂小趴,香艾👻莎莎🙈場控紅茶,碩。,🎸茵茵🎯Tony😈,濟軒,蔡孟良,小罐仔,002,那個誰,瑞皮ㄟ🐣寶寶,秋平,🎉專屬萌主香艾💝小海,♧♢♡♤💕曾小海
1242517,23545,17596,8000,7596,6570,4831,3974,2970,2738,2727,2720,1996,1350,1342,1294,842,803,666,520,432,266,170,162,153,152,117,116,111,102,100,99,99,92,88,82,76,76,59,54,53,51,50,48,44,44,43,42,40,39,39
人氣遊樂園🍫巧克力🍩,🍫睏寶～巧克力🍩,🍫チョコパウダー🍩融,🍫巧克力粉🍩歌蒂梵油,🐣8⃣➿,🍫巧🍩末,爆炸💥🐣艾比💖,🍫🍫呆寶貝🍩🍎,🍫巧克力🍩美祿,🍫巧克力粉🍩專屬子葦,小筱❥༄་ཻ࿆孤獨࿐ཻଁ,🐿金曲🎤維恩,愛吃巧克力包子的隨風飄流,🍫醜末🍩,🎹金曲🎤張政宇🎺,祝語艾🎨繪畫手作台,🎤艾咪🎹👉默默❤,瘋,🌹人氣🎫漢娜娜寶🏦,🏦🚲☕佑☕🚲🍩,🍫巧克力粉🍩朗莎,🍫巧克力粉🍩夜遊👻,爵士敏🎹巧克力🍩龍魂,新手主播🎵長笛錡錡,Apple愛跳舞,🎤艾咪不會彈鋼琴🎹,太紫爺💕💕貝貝大花貓,🤹樂園佩佩兒🎻,麗絲Liz👑人氣,༄༂張寶🖤ㄎㄧㄤ༃࿐,喵嗚,❤葆兒 ❤🍫🍩韋志,📀主播🎙️🎸千米后,📷聊入你心❤孜孜🐖,🙏金曲票投政宇🎺如如,🍫巧克力粉🍩~飄過來,🐿Miini🎤晨婷,甜燒餅₉₁₄🍉♋麟啊♋,💞秀貞💖,🌻小語ÜÜ❁最愛的🐗,📷孜孜家管家❤寶貝,錢俞安🦉金曲8/25,祝語艾🎨寶貝老公油,追蹤2629194祝語艾,💡Allen 2號🔄,🍫巧克力粉🍩宜音恩,🍫巧克力粉🍩💕小原,🍫巧克力粉🍩熊熊🐻,📷孜孜家❤️拉拉🐖,語晴孜巧思甜點屋🐠玟欣,🍫巧克力粉🍩小馬叔叔
1370528,55698,41060,32034,31960,18833,17255,11253,7785,7234,5720,4500,4240,4222,2089,1899,1839,1560,1560,1451,1428,1424,1228,1188,1145,1141,1040,1040,1040,876,850,741,692,673,671,666,586,564,535,529,520,520,520,520,299,276,249,202,180,170,165
📛蜜旎Minnie🎤,金曲票請投蜜旎📛ℳ,🍀祥🍂,杜忻恬🎤tienlin,浪Live官方,tienlin,穿蜜旎马甲的卡比兽📛,1252194📛777,💞蜜旎📛真心感恩💕,📛金曲蜜旎🎤係金A,🌶️人氣小辣哥樂樂👋,人氣汪妹開播了-懇請賜票,💞涵yo✨Ben,📯Mi米粒兒📯金,FM87.87優格知音,🎤杜忻恬TienDu,👠佳人旎💙菲力™📛,🌞 小太陽🌞ray,📛熊熊愛著旎🐻,💙步新💕貝的,☆殺破狼☆范兒 の 狼主,HappyAngel🌞,📛為旎停留✨CZM☃,👩上兵愛喝麥香紅茶🐷,🕊小清新🕊飛魚🕊,🌊Willie瞇爺💕,🌸汪妹止渴🌺主播⌚,😛綠蠵龜🐿️,📛wuli毛熊,🌶小辣哥1299074,人氣🎀土司范兒🎀🍭,套套主播💋套套💓,🌸金曲小天🌸陌生人♪,📛Wayne♎,📛睡覺主播❤panda,📛修杰都是維旎,🍁關兒🍁文煜,💙人氣樂樂💙,金曲票請投杜忻恬💜傑ㄦ,✨莉📛蜜旎 ❤菲力™✿,🔱長笛啾比🌙沃克🐶,👋樂樂🌶️史咪飛👋,拓拔俊(장동건),也許妳不再需要我,人氣票請投江晴🙏☀郭靖,🍊橘子糖🍬致榮,📛靜靜守候旎🌞,📛飛門旎®💙菲力™＊,林耀南,😽🍠📛騎士羊🐎,黃韋綸Alan
1252194,297580,110069,103709,100000,48008,47348,23685,21653,14730,6760,5720,5447,4738,3120,3080,3076,2397,2396,2385,2204,1968,1874,1665,1560,1560,1560,1510,1268,1040,1040,999,999,753,709,673,625,587,578,540,532,520,520,520,520,469,426,355,307,302,299
金曲主播🐒珊卓拉🎤,🐒珊卓拉求金曲票@ㄚ叔,金曲請投珊卓拉🙏駿翔,天天開心🔥仔仔,🐒珊卓拉🎤洲哥,住在火星的Leonwei,🔴古箏棠凌🌸🎹⁶,🐒珊卓拉求金曲票@陳2,🐒珊卓拉🎤Eric,🐒珊卓拉求金曲票@張3,🐹💖天地情詩🌺🌸,古箏棠凌🐷♋棠醋魚♋2,一生只為珊停留@阿叔,只是大魔王,駐唱小公主🍃佩樺,艾心女魔頭家~小末~保鑣,陳大亨,馨主播💓芩藜💋,🐒珊卓拉求金曲票@李4,〝主播〟╓❦域↭任㍿℡╖,🎧灣灣音樂™卡娘,住在水星的Leonwei,金曲請投珊卓拉🙏小蜜蜂,🐒珊卓拉求金曲票@寒梅,🐒珊卓拉求金曲票@翠竹,🐒珊卓拉求金曲票@青松,宇宙無敵顏值珊卓拉❤昌哥,🔴古箏棠凌🌸明宗,🐒珊卓拉求金曲票@趙6,灣灣董事🤘NoKey,狂,關二爺忠義精神參天,金曲票莎卡🎼Mos奇諾,❦꧁浪Bar💘愛玉🚀,🐒珊卓拉求金曲票@周8,🐒珊卓拉求金曲票@孫7,🐒珊卓拉求金曲票@吳9,🐲🐲🐲,🎤🌸小天🌸風漫雲輕,療癒女神-金曲薇芯💖,小企鵝🔥藥藥🔥！長官,☞黑珍珠☜☞珊桌拉☜爽哥,🍒vk薇琪🍒專屬🌽,🐒珊卓拉🎤小珊,呂小秋,🐒珊卓拉求金曲票@王5,🎧潛水中🐏🐏,👼🐒🎤珊卓拉🎤岩,🐒珊卓拉🎤謝易庭,企鵝,🔴棠☀️江😇慈🎼B
1809653,5835578,1014732,668399,272507,248579,232747,175541,167457,157973,157018,116269,114660,98090,88244,83943,77035,76737,73105,67363,62570,60852,60841,53040,53040,53040,52718,52487,52422,49144,45814,45706,44742,43658,42496,42451,41062,40947,40642,39280,38617,37868,36059,34172,34042,33530,30786,30289,26677,26397,26190
🐷薇娜Verna❣️,👑薇娜❌土豆,👑薇娜🏠小屁孩👑,👑薇娜🏠Lin宝🐷,👑薇娜🏠惡魔👑,🎵🎤🎧👊千面面✌,👑薇娜🏠街友,👑薇娜🏠 倫倫,⚡️音樂主⚡️黃金雷⚡️,👊千面✌薇娜🏠小彰,-무민-,饅頭,抱抱💜,☀🐉小米🍯樂佩喵yo,小紫的專屬星星,🐾樂羋💋⁶,🌞薇娜🐷威辛,👑薇娜🏠悠然~*,🔥貼昕鬼🔥小波比,偷笑薇比比🙊❤️,不再玩爛浪了。掰掰啦！！,小二哥,路過的人,薇娜🏠墨童(X)🎵,🐷薇娜🏠龍龍,耶,❌❌❌,👑愛薇娜小公主🏠子軒,⌚ᴰᴶ童話💍文棋💎,YJ,愛自己の窩戀橘,🌞薇娜🎀✈機場胖老爹,琮晏,牛牛,🌩🕊🕊🌤,🌿雨玄兒🌱小薰,冷冰冰❄食物熊❄,黃韋綸Alan,🐷薇娜🏠銓銓,🐱Jacky 歐巴😎,邊緣主播💘彈唱小寶🍀,桐人,🍡🍵,🌸Weibbyૢ薇ོ比,👊金曲千面面跑騷組長✌,🍑。誘香🎶⚡🎤,輕輕走過,💕蔓寶💕專屬小跟班,陳秋吉,薇娜🏠的👑Simon,Marionette
1257917,11251697,5283891,1151944,1060314,974085,891442,769194,734973,355338,337739,334552,332333,245175,237449,216320,191134,184764,157682,154652,154652,153018,149851,147004,143814,131326,129155,100191,97444,94763,94745,89757,89352,88423,86431,75198,74898,71239,70253,68903,68731,67622,65906,64266,63350,62811,57747,57153,56085,52545,50670
🤘《劉洛克》🤘,🤘金曲克🤘Sab🐯,明帥企業😍打雜的小明,痠🎀,❦꧁沒判斷力瞎爆了༊🍷,🤘《金曲洛克》🤘珊兒,人氣投琪琪抽新光禮券🎀,🤐,喉結🎙..之臺北帥😒,🤘台語洛克很棒🤘家貓,0811週年畫展見面會,🌊我（如)💫老枚🌊,🤘1234567🤘,🤘金曲洛克🤘北極熊,千面面1364340金曲,宋本丸🍙¹🎰₂🦄³,㋇㏹本丸音樂會🍙宋本麥,🏸🏸老夫子🏸🏸,金曲洛克.盧卡斯🤘奕蒓,🤘人氣洛克🤘KC,金曲洛克🤘糖果,琵琶琳琳🤘🍙宋本飄,🤘洛克最愛🤘澎恰恰,🤘洛克🤘AC/DC,何茄茄🍆🍆🍆🍆,🤘金曲克🤘泰虎哥🐯,🤘金曲洛克🤘小龍女,🔱黃金戰士№5🔱旺旺,🤘劉洛克🤘洛小克,🤘金曲洛克🤘北海道,宋本丸🍙¹🎤₂宋本肥,草啊泥啊馬啊,迷你吃貨琪琪🎀,守護永恆的愛💝浪濤盡,💎明帥企業🤘葳葳🍬,人氣請給萌不點兒🍌維維,🤘《金曲洛克》🤘芸汐,🤬🤬暐🖕鴿🤬🤬,2,雨後巴黎,🤘《劉洛克》🤘J,人氣薛薛🍒手手🍒,🤘劉洛克🤘芸芸,保育類🐢無言保廷🐢,🤘劉洛克🤘金曲,♨ㄉㄐㄖ的三溫暖,月光克子🤘月亮🌙,🤘金曲洛克🤘樂樂,ᴶᴰ,🤘洛克🤘柔柔💉,徐小淳🦅Eadgar
1242830,4517923,4415690,3789463,2822155,2619601,2407332,2343454,1956531,1697170,1478212,1342496,1234567,1194114,1184184,1094997,1093007,990821,881559,823663,759089,616466,597441,567455,555092,551368,547426,542717,541658,521050,515008,506747,503629,492360,476663,472720,460763,459238,448490,442216,427353,415575,390400,368915,364058,358785,357518,334402,326250,312380,311736
阿水Awater導演主播,阿水ディレクターㄟ背影❣,武老千魔術師不能說的㊙㊙,阿水真愛💧妍妍,✧獨愛凱蒂老師✏️業登✧,🍻零號阿水🍹柔情似水,💖阿水導演💖飛雲,📛有旎就好✨水哥の冠妤,保育類🐢無言保廷🐢,阿水最愛♋️布布♋️,💧愛寶愛到嫑嫑💧黥殤,玩命高手♥八字㊙家綾,㊙㊙家族😎愛阿水的娃娃,人氣票請送武老千🎫後盾,美麗人妻主播👛波波媽咪,⚡️音樂主⚡️黃金雷⚡️,☯ 台北の浪子,我們一起往前走-麻吉,🎗唯愛🀄💋晴天🌈,㊙㊙家族💗綿,梁山伯住陰宅der㊙㊙,㊙️㊙️家族-黑色幽默,🔥虎牙詩詩🔥,🔮鹿妃主播👼,方糖主播🍭小馨,风清扬🗡笑傲江湖🗡,㊙㊙家族@TingKuo,ღMask💋瑰麗🍌,黑爾,㊙㊙家族💕緹娟,嘿唷,💲只愛水哥💦小黑,˖✧◝天使凱蒂老師◜✧˖,錢俞安🦉金曲8/25,🔥🔥🔥,單車主播😎御風🌀,保育類🐢鹿界男神,人氣票投藥頭💊泓銘🌻,🚀金曲超人-露一隻🚀,💐✨許小妞✨💐,ChiChi,半百女神錢錢,品蓁,只剩下熱度功能,年年,大提琴瑪姬🎻🎹🎶,人氣薛薛🍒手手🍒,闕闕,相框熊@愛家蓁與恩甄,史黛西🎤熾天使🚀,薛薛🍒👢黃老闆🍮蔣
1004480,1251234,813477,807595,534053,430043,429417,418230,328096,311503,291683,228152,217692,200000,198119,193276,140508,132075,129497,129178,123835,120756,118141,117300,111989,110117,101088,96144,91038,90426,89392,86022,85224,84876,84613,78267,68140,65441,65425,65039,62755,62036,58018,57486,51917,51375,51037,49540,46897,46672,46586
🍇葡萄乾姐姐,🍇太陽花fv🍇,陪🍇,🇭🇰🍇Andy三千,🍇麥芽糖🍇,ᶰᵃᶰᵃ愛🍇葡萄寶寶,🍇葡萄乾仙女の老李,👼🏻📮dada☁,🍇葡萄乾姐姐的哈斯本s,🎧撐熱度的MiKi🎹,🍇太陽花 su,🍇🍇🥪🥪,🍇Ricky,🍇溫美,金曲彈唱🇲🇴蘇俏慧,🍺營養✌️🍇小容,陽光笑容☀️熙晴🌈主播,🍇葡萄乾姐姐人美心甜,Hihi🇲🇴阿B少華,🍇苏尼玛的菲🍇,🍇的🔥火哥哥,🍇葡萄乾姐姐のKX̆̈,藍調女王💋JEM,•~Ûncle~♪,🍇eric,夢想主播🔮YCC🦄,魔呑 蘇俏慧熙晴🇲🇴,💎歐歐。,😆😆🤘🤘🤘🤘,♨ㄉㄐㄖ的三溫暖,🍇太陽花 S.C.🌿,原來,🍇太陽花ev🍇,🍇太陽花S.J.🍇,🔱雙聲歌手😴金曲咪,金曲肉圓妞🐽Boon,🍇太陽花EC🍇,Toby,🍇育瑄👩🏻‍⚕️,🍇乾的有病公主小琪琪,Mini🇲🇴🍇,🍇太陽花cy,🌶️司羽痕🍇,🍇太陽花pon🍇,梵高練習生🇲🇴萌烘烘,🍇太陽花mg,🍇葡萄乾姐姐の波波波,🎨哈蒂💋,🐺美聲狼王㊣李昱錡🌍,🍇太陽花心,🐔🥚營養集團🍇咖啡
1191011,2748558,1596048,1474677,978283,580129,555186,492200,477216,462759,449162,424831,393392,327009,312436,264521,246222,221567,215926,202069,197741,191546,177840,174942,165711,161176,158070,156208,146076,142808,140679,134400,132737,117649,115801,111683,110101,106908,103968,103776,103363,99514,98981,91707,86257,82248,80399,80324,79697,72494,72314
人氣左拉主播🐝,人氣請投Zora➰時間哥,廖老大,沈董,ⓏⓄⓇⒶ🐝✨熱男Z💥,玫有你不行💩宅宅吉他手,BOSS,陳燦輝,👾Terric👾,神行客,人氣請投左拉🐝宇琦,😽🐰🐥🌸菜蟲🐛,Robert Gou,CW🍷達,清新脫俗,肥客我的,小魚逛街Zora專屬🐝, ,👩🏻金曲安安🐷,隱姓埋名🤪,薛薛🍒🔥🐥萬惡淵叟,💕🐰🐰✈,💠辰程c.c💠,人氣🍒👢薛薛小仙女,Clark,套套主播💋套套💓,😎我是小王😎,zora🐝Troy💙,☀️亞倫💫,Liz🌸荔枝兒,人氣辰程c.c💠藍色,🍁關兒🍁道具主播🤣,休假中🌼🐟腦🌼如兒,武老千魔術師不能說的㊙㊙,Justin,顏富,Zora 🐝超人輝❤️,子林,最愛姊姊的陳DJ,Hans,卡森森😂咖酸酸,阿羅拉的臭臭泥,✧鄞芽兒✧の守護ᵌ咖酸酸,🍠偶4安琪粉🍠小樂,亞貝魯,zora🐝運融,浪,Zoraの阿孟🐝,愛上Zora的Cap.❤,Astiya,🏇五阿哥
1483707,315683,135583,39922,30797,14152,7646,6975,6753,6280,4878,3922,3760,2972,2711,2388,2155,1998,1560,1336,1142,1108,1040,1040,999,999,781,777,670,529,520,520,520,520,299,270,213,188,179,171,158,125,125,125,122,119,112,111,99,93,90
💯2130公演☔林宇☔,🆓Cindy☀,俏叮咚,Tina🇺🇸,嘉嘉🌀,金曲漂飄票林宇☔Evan,金曲🎫請投☔林宇☔,8/21演唱會🕷亦宸,WeiWei☔️,火舞女神🔥捲捲兒☔⁶,金曲🙏投林宇☔喜歡聽,❦꧁沒判斷力瞎爆了༊🍷,一言不合就想帶妳走😯,🎶亦宸🐒伶宜,🌀NICK陳健一🌀,新一波主播🎸子沂🐏,🎸祐祐🎤宇pp☔郁辰,☔ಇ妮可ಇ💕,☔波特宇☔Jamie拋,☔️Only嘴巴兒😘,☔✭哈里森✭✨,🤘金曲洛克🤘亦宸@琴,子沂🐏害咻一波舒芙蕾,☔ 宸葳 ☔,寶林🐽,💛小倢💋主播,ᴀᴍʙᴇʀ✌🏻,韋綸❗偉認🎹 怡靜,🍊橘子糖🍬致愷💖,💯%瘋人氣🔹笑欸➿,天使勇者🔆韋恩☕,🤹樂園佩佩兒🎻,林拓榮,麻糬蓉,獨愛莎拉雅☔️💜琬茜,Liya Wang,亦宸🕷Kelly宸宸,金曲投林宇☔林宇嫁給你,💞淋浴💕,阿雲,ᴶᴰ,☔艾琳塔,🐕阿俗ASong🐾,❦꧁浪Bar☔Paula,不⃠想⃠讓⃠妳⃠看⃠到⃠,🌞 小太陽🌞ray,金曲請投錢俞安🙌妞妞,🍊橘子糖🍬 瘋凱,🍊橘子糖🍬维他命,💕糖可可🍬🐱,❥ঁ求金曲票🍉小玉兒
1219515,46676,42176,40197,26006,25239,8393,6666,5231,4647,4423,4018,3120,3014,2831,2638,2553,2530,2364,2269,2169,2092,2080,1791,1738,1665,1560,1267,1040,1040,1040,1040,1040,1040,896,889,736,697,675,648,630,558,550,547,538,520,520,520,520,520,486
金曲👼🏻雅棋⁷⁷😽,👼🏻喵喵⁷⁷😽,😈宗宗宗易本人🌽⁸⁷,豆腐とうふ,🐧☁🍀忍²Wi²🍪,🎃,🐋阿和,风清扬🗡笑傲江湖🗡,👼金曲雅棋⁷⁷😽無痕,忠義頭髮很多的人來了,萱萱儿🍭停刷沒浪花😢,👼🏻雅棋專屬ಇ海域,💠金曲雨璇🎤修羅,👼🏻金曲雅棋ಇ猜猜,小夜,㋇㏡㍯試播📧逸文💌,文,🌸✨雪球菱兒⛄🌸學,關歆的鋼鐵人❤️子文,👼金曲雅棋⁷⁷😽姐姐,🎀最愛⁷²の丞丞,親親小寶貝,Nick,主播,小蚊子,麥當勞,👼🏻181🥁歪歐,☀樂園🎡の威利👦🏻,🏹✨通靈瑀兒➡熾玥,👼🏻王爺😽,🍌小小兵🍌,🗡🍭人氣Ꙫ豬豬寶🗡,🌽👼🏻ಇ熊熊🐻,田甜家族💖頑皮豹❄,羽山秋人,🍬咪紗專屬男寵🍬,7的兒子(￣∇￣)龍龍,👼🏻啊～～修～～🐹,小丸子主播⛵鮮鮮⛵,文浚管理員🌿👼🏻,金曲:雨璇+雅棋~低調,👶澤澤👶,👼🏻雅棋護衛ಇ小熊,Panda🐼,『 白⁰ 』shiro,👼🏻金曲雅棋ಇ花力斯,🐼青銅⁷⁵🍉呆😈,💕NOID🐟,🥇歌唱主播✨宇熙,人氣滑👠俊宏🐋🌶,🔱人氣啾比🌙の蛋秘書
2077590,1988573,705078,413125,326200,260985,232085,204264,186295,169952,155700,155405,134684,133483,126144,124855,118063,115789,113048,110431,109823,106040,105942,101215,100525,94836,93445,92979,88934,86689,83897,77437,75674,72976,69263,66700,53975,51498,51241,49561,48452,46297,41028,39385,35061,34672,31979,31615,31464,29742,28423
🐩金曲小妞🥀妍妍🥀,🌽,🐩金曲票請投妍妍✈寒月,微笑著靜止,艾倫哥哥,🐩金曲請投妍妍🥀綠茶,🎸茵茵🎸gis,🐩妍妍🥀Kai王,原本高富帥玩浪變成高負債,➖🎹剑十一狼🐺,妍妍🥀Wi,🌊🌾💑凱123,🛫欧巴仔仔💎🇫🇷,阿林,☀️亞倫💫,🐩金曲請投妍妍🥀小菜,🐩金曲請投妍妍🥀🐛,🌸🕊東東腦公🌸,$$,築夢飛翔~明明🐒,🐩妍妍🥀DS,🐾樂羋💋Stussy,Peter Lin,騎士,🐩妍妍🥀柚子,米奇,大大兵大大主播,風采,🦋💝🍼志騰,🐠小魚兒🌼專屬の憶憶,寶寶,🎸彈唱芬妮🎙🇨🇦,🌹靡娜🌹Sash,行人,🦊🙊🙉🙈胖胖🙃,人氣蛋黃娘🐣大軍師,一直想著他,小件貨,啾四愛Mia🌹恒恒,唯屬芽芽💖Kerry,🐩妍妍🥀得義,公主 夜未眠💍二兩,🍁🍁🍁🍁🍁,畯哥😊,🔱妖魔👹🌙,紫色小魚,🐹君羊咩咩🥕,TiB💫阿法,Z🏹忍,杜忻恬🎤女神💜掛人氣,滴咖💨
2318804,3964483,943458,937652,695007,519529,431329,368605,235422,220872,163575,159487,144347,116629,113770,97047,93972,85134,84093,83100,79205,75225,74688,73877,68562,66339,66271,60144,59003,56377,56199,45881,44864,44090,42777,41712,40819,40656,40031,36692,31524,31380,30408,28789,26490,26280,25860,23439,20978,20907,20887
🌸汪妹止渴🌺主播⌚,人氣汪妹開播了-懇請賜票,天秤-搞威,汪妹人氣票1642971,🌸人氣投汪妹🌺宣傳車,🌸汪妹止渴🌺王༒子࿐,⌚️O’Connor⌚️,🐲相愛和分開都是罪🐲,求人氣票給汪妹拜託各位,❤萬萬❤🐯張鳳梨🐯,🌸汪妹止渴🌺粘踢踢♥,🦋蝴蝶🦋蝶小月🦋,🌸山東大饅頭🌺,🌸汪妹止渴🌺知心,☀張小歐🌸,🐒🐗汪🐒~👿偉軒,人氣票請投球球🏀壞雞腿,【隱】ヾ🌜SHAZAM,李家寧,簡單愛,👊金曲千面面✌️蝦味鮮,🌸汪妹止渴🌺真心蚊子,法克幽,夜貓主播🍊澄安,倪の大魔王🖕,夯特,❤若❤小老虎🐯,☀️小丁做事小丁當🌸,🐾Haku🐾勇哥,邱振倫,🎏嘉達旅遊🎏阿昌,啾樂專屬男友💋小朱🐷,♨️༽主༒人༼♨️,🌸黑糖小饅頭🌺,♥汪妹人氣票♥,錢喬瑋,📛蜜旎Minnie🎤,🏀人氣主播💕球球🎫,默默守護妳,御·八方,🍭🌸恬恬專屬✨威士忌,回到原点,🐷冰冰❄小威❤️,🦋蝴蝶🦋陰川藍蝶🦋,亞倫,😈²🌺後座沒人坐,🎤小汪貼♥侍衛少崎🌟,龍,🌸人氣天使蕾蕾🌸帆♘,🔪小當家掰咖爬車站🍛,⭐西索💧
1642971,4213805,1152530,1071762,662303,563591,562630,527082,435871,425662,343720,306512,256700,234894,198434,186459,171329,162852,148138,145543,145232,126798,120419,110779,107486,107032,89167,84835,84580,78471,73124,70921,65406,65018,64144,63922,63210,60454,59332,56286,54510,54122,53025,51369,51355,50336,50068,49102,49090,49038,48504
🎹🎤Ree睿騰,喉結🎙..之臺北帥😒,☀🎀🎙🐈🎸🌲,浪起來女孩👧🏻,。金曲睿騰。2。,金曲新星💫嘟嘟❤琳,劉玉婷小號,若凡👹RF👹,🤘金曲洛克🤘亦宸@琴,甜熊,歐🎸睿🎹健🌀萱萱,🎹🎤睿騰🎈熱氣球,遊戲主播🎙️吃🐥丁丁,🎙金曲之北帥騰☀惺,🎤🎹Ree允兒,只愛車神玉婷💩哈利破慘,☀霈霈💍林欣霈☀️,Gabby,Owen歐文🎸🎤,跳跳の守護神🍀,🤬🤬暐🖕鴿🤬🤬,✨睿騰🎹子齊🎤小惠✨,Ree睿騰🎧米漿Zoe,Wesley🇼,多莉絲Doris,💥🍫人氣克🍫💥,13,•~Ûncle~♪,🎹睿騰🕷羽宸,我是黑鳳梨鳳梨鳳梨梨梨梨,ᴶᴰ,🎵🎤🎧👊千面面✌,一邊,🌈柒柒,傳奇,白,🌼小安™🦋,小妹妹是我,☔🥚🍣💣🐈黑夜❥,🌊似曾相識,🈳彤㏼㍥金曲🔥右右,🙄🅰©💘拉拉🍉,🔺️Ting🔻,🌀NICK陳健一🌀,書甯皇朝🔞蚊子☝️,🌺EE,🤘💙Ree💝艾琳,金曲睿騰❤️可比👰🏻,🎤彈唱才藝主播 娃娃,🎹🎤REE💖-巧巧,Alston🎠華總裁
1243042,4473552,2323231,1649810,838009,806464,665583,545505,511408,489121,444800,438912,385894,319535,307035,266680,259547,244122,231601,220036,217283,189071,187291,153667,145431,142881,127159,127087,115120,111293,111247,104868,96539,95848,94121,87863,83831,83703,82532,81630,80474,79861,76330,73051,72656,72036,71441,70804,65847,65200,64775
彈唱主播阿彥,💫喬怡💫,💞彈唱阿彥啊🎹美美✨,主播阿彥伯老大🎈曼蒂,🌅Iris🌅,新主播🎀相相🎤🎵,。🕊艾瑞克🏁™©️,🍻酒安娜...,🌷哎呀🌷御萱,🍀,愷家軍⚡橙橙🌞,🍇紅屋頂上的螞蟻,katherine李,阿丹🕴,Angel🍺手繪玩咖炭,Sophia,彈唱主播阿彥🎹黃愣愣,🍙宋本櫻桃子🍒,沙沙沙~*,💖💖Anne💖💖,月芽灣,🐷柴兒の宇❣,Hi👋I’m🐔🐔肥,芸臻🎤阿彥🎹傅涵比,Niu,阿彥伯妹咪,White Sandy,Evora🌸浪爺,🌸薇怡🍀,彈唱阿彥🎹筱蓁,通笛少女🎈子涵,☠👽💀小高高🔫⚒⚔,๑ᴖ◡ᴖ๑瑪蘭鵝⭐🌈,🎈愛發呆a薰🎈,Felecia 😊玉芳,小可愛,💯%瘋人氣🔹笑欸➿,水系經紀人-胖虎哥來了！,⭕歐娜ona🦁小八,🎷艾倫家🎷宣寶,音樂玩咖 Angel,🐈艾莉貓❣艾力酷🍁,Polly遠于緋,☘️🍙宋本番,劉秀姐姐2.0,㋆㏾㍬💞邦俊熱推🔯琪,✾竹竹兒ღ☺️😁🤪,音樂Angel❤傅涵比,🍺熊鯨🍶,♊保珠💋💋💋,💗💗兔兔💗💗
1370414,74061,35724,7330,2466,2333,2282,2238,1616,1420,1314,1003,703,670,670,302,252,233,222,216,210,209,116,101,99,95,88,85,83,73,70,69,57,48,45,41,35,32,31,30,28,23,22,21,21,20,18,18,17,16,15
夜貓主播🍊澄安,🌸汪妹止渴🌺粘踢踢♥,你好好,澄安@Akb48,澄安🍊の9527,御·八方,澄安🍊の冥王🌟小均⭐,Ⓜ️包膜Ⓜ️牛奶先生🍊,天秤-搞威,緣字訣,澄安🍊Ⓜ️籽籽,澄安@爸爸,澄安🍊の祝甘心,澄安🍊の~山口臥龍™~,🦌阿丹🍃,法克幽,這是我,☀️亞倫💫,摯愛芽芽🌺の安仔,☀愛笑的☀恩恩,人氣票投澄安🍊酒吧老闆,壞人,✨喬大帥✨🎤,🌸🕊東東腦公🌸,澄安の🌟海王子,【隱】ヾ🌜SHAZAM,大大兵大大主播,西行記,⭐西索💧,艦長,小k貓@超人特攻隊,💠呆辰程の順啊🐢,畯哥😊,⚔大仁哥📛建廷,為你而生,Rayn,曇花一現,汪妹の圓桌武士,老人,Ⓜ️我摸🖐,封刷💍雞兵團澄安の老公,Ⓜ遊戲實況主Ⓜ包膜哥,🌹人氣小米🍯主播,💋FiFi💋,🙄🅰©💘拉拉🍉,澄安🍊の場控🐾沙浪嘿,金氣請支持1380279,🌈彩虹尬逼🦄️,澄安🍊の怪獸,🦄小瑪兒❤sony,張駿誠JC
1248141,3243240,2634282,1915846,1290745,967625,771912,520912,513330,445234,421202,319221,295348,271214,240430,238326,232835,225587,214628,207561,201402,200656,187141,186961,186839,173945,170930,159994,157046,151855,146014,143008,139409,134054,131206,123773,119440,114844,113000,112932,109475,107395,103302,102311,100716,97897,95218,90960,86535,84858,78885
🎸君君🐹彈唱甜心🎤,norton,🎣꧁蝦男꧂🦐,衛管🙌內務府協辦大學士,🌹人氣票投小米🍯膠水,🌤藍天,⭐峰哥⭐¹²¹⁷₂₈₀,喉結🎙..之臺北帥😒,小夜,丁,金曲票請投給君君🎸清,cc,腿毛求金曲票給君君跟莉莉,金曲票請投給家蓁🎤阿諾,龍的傳人,周哥,地表張力,周哥,我來投票,樂群💋咏融君雅👹雷塔,創作靈魂女聲🙌黎雅,Hen❤👹的宜庭,🐹君🎸祐🎤黛黛黛黛,這是我對你的承諾🏦真愛,🐣人氣蛋黃娘💕五告宋,🔆茶米🎸君君❤️文,浪古箏棠凌最美🎻賢宗,林拓榮,蘇菲的dorkybear,123😎,彈唱甜心🎸君君🎤冰霜,霸氣小彤,💠金曲雨璇🎤吼龍,每天都要笑👴我是景字號,💕NOID🐟,🍺豆豆🍺,🎀肉粽♨🐲味噌湯,🐸🐸🐸,Kimi 🇼,小護士,💒腰瘦,詹詹,☀🎀🎙🐈🎸🌲,欸潤,🌽克里斯,👹金曲投若凡の灰姑娘,小天🌸宏杰,Elva,🍂,逗你玩的喵喵,🐹燕餒🐢
1010769,8757446,1711301,1142660,1133617,877479,791080,778344,652218,580242,564587,513001,465953,432449,396790,332750,323605,323424,317515,279687,256781,242859,229247,221255,180370,167090,162857,138346,137850,135995,135669,126923,126490,124868,123253,123194,122900,122521,119672,112715,107549,106964,101261,99216,97000,91991,90103,86258,86187,76164,74650
🐺美聲狼王㊣李昱錡🌍,☠️飛哥☠️🧚‍♂️,🐺李昱錡🌏記得去旅行,🐰🍼,D_evil😈FC,♨❄寒山🏔♨,無色界👣,寶貝老闆,Rabbin,🐺美聲空狼🎤€黑夜,邊緣主播💘彈唱小寶🍀,美狼王🐺李昱錡🎸小艾,心领神會🎶😈FC,🐺美聲女狼🎏姍姍👒,莊小毓,🐺美聲浩呆狼🎏俊廷,帶走記憶回憶妳～9453,🍇葡萄乾姐姐,時光荏苒,那麼熱♨那麼冷🐾,藍調女王💋JEM,🍸不知為什麼而存在🐳,粉大牌過敏兒🎧Fen,🈳彤㏼㍥金曲🔥右右,91.6公斤🐷吉米爺爺,單車主播😎御風🌀,•~Ûncle~♪,阿諾書華吃雪茄,美聲狼王🎸李昱錡㊣Na,人氣投給美金💰彬哥🔱,【Yi-Hao】,🌸金曲小天🌸陌生人♪,女王💋JEM的腦粉巔轟,💯%瘋人氣🔹笑欸➿,大提琴瑪姬🎻_班長Na,😱刺青女王♚ㄎ一ㄤ蘿拉,🌊我（如)💫老枚🌊,高冷藍調JEM🎧迪拉達,🐵小猴子🐵,樓梯,🎙🌸小艾,🎹苒妞🎹 不吃辣,懷,🈳Roge r的粉絲,🐷,🌲🌳草螳螂♻️,🦋魅力女聲主播🎤婉茹,聽見你的聲音,🤘金曲克🤘阿麵麵,ੴ真摯柔琴ॡ至柔♫♬®,無法無天apple300
1261559,7930144,1624415,1216358,1214197,535326,409259,226042,192367,188646,164278,162716,143549,132985,112399,109327,105272,102121,100964,92887,80531,75621,72444,69324,64029,63177,61348,61258,60368,60156,58238,56175,55376,47911,46355,45051,44340,44115,43902,43882,42943,40825,40714,30948,30761,28773,27515,26436,24815,24746,24698
黃韋綸Alan,🌸韋愛🐷綸❣姍姍🌸,🎹最愛韋綸🎶詩婷❣,羽潔✨,喉結🎙..之臺北帥😒,Gabby,金曲韋綸🎤小鯊魚🏓,AnAn,💗韋綸🎹喵喵❤,甜熊,ੴ至柔ॡ♫手手💕,金曲🎤韋綸の吟❤,黃亭恩TN😻,✨🎼Samily🎼✨,Monet💋,梁山伯住陰宅der㊙㊙,Alan綸✿哆哆✿,賀敏綸❤️,金曲🎫韋綸🎩兔兔🌙,🎼Lydia✨莉蒂亞,親愛的我愛你❤綸的電,金曲🎟️韋綸👼依書,🐬西西🐬,韋綸韋廷家💜君怡,劉玉婷小號,偉侖的Hero,🌸摩天綸🎡ღ姍姍🌸,💔,🐹靜靜🥕,韋綸🎶Hedy,❣韋綸🐾楓楓🐱,離人姐姐,韋綸🎶Hedy,🐷樹窿Mak護士諾諾Ⓜ,Alan. . 蔡岱君,金曲票請投給莉莉❤️,人氣/麗絲🙏金曲黃韋綸,🌸愛韋綸💖小鈺🎹,韋綸🎹的哈娜❣,最💞韋綸💖寶貝,🌤藍天,Jeremy 林見彥,🌸韋愛🐷綸❣姍姍🌸,衛管🙌內務府協辦大學士,獨愛莎拉雅☔️💜琬茜,韋綸🎹不能說的秘密🎹,💕綸菲菲💕,女孩兒家家,韋氏企業😬杰睿哥哥™®,🉐️瑟專屬😏跳跳虎,傳奇
1200115,2434518,1803168,1545674,1311245,1285466,1208692,1073268,857771,823921,780857,754598,749314,720626,673502,670353,669680,631472,615917,595435,532798,464788,457966,456836,441161,429412,403135,372386,368387,366720,358795,357507,352480,344319,344206,337413,333350,320073,308799,252379,241673,230022,227170,225017,224846,218909,218578,217619,210242,199498,195254
人氣投給美金💰彬哥🔱,黃金戰士№3👽👽👽,$$,人氣投鐵肺美金💰小董,❦꧁沒判斷力瞎爆了༊🍷,☀️亞倫💫,☠️飛哥☠️🧚‍♂️,💰鐵肺美金🎤家蓁,🔱黃金戰士№5🔱旺旺,人氣票送美金🎤印錢,人氣投鐵肺美金💰Mr汪,👿捷👼,艾倫哥哥,人氣票🙏鐵肺美金💰,人氣投美金💰張希希,🕊️Toro☁️,🐝小峰🐝🐠,🚀金曲超人-露一隻🚀,小安🦋蛔蟲,🎤鐵肺美金💰小森森,。,💰鐵肺美金🎤佳勳,亦欣,💖,忘記～💕,動態說明一切,地獄倒楣鬼713,人氣投鐵肺美金💰南賽,升级版,✴巫弟✴,💋辣模陳婷💋振溢💋,😜🎤小鈺❤️,🤘《劉洛克》🤘,欣毅,🐽餵豬少女➰點宝🍼,哈哈哈哈哈哈哈哈,歪膩🐻人氣🎸🐰,明帥企業💎👀低調良良,逝去的過往 就別再回頭望,鄭妹主播~漫步雲端做自己,靜靜等待中,☣༺ༀൢ太༒子ൢༀ༻,天使主播🏹Z娜兒🍒,關棨中,阿翹💋Che,🎸君君🐹彈唱甜心🎤,Fb粉專 主播-喵皇,饒舌主播🦅馬克斯Max,🎤鐵肺美金💰阿嘉,🌸熊熊丫,☀️💍
1658514,392175,342866,336561,320485,256594,243229,242637,200298,199239,118103,112886,97117,88945,87343,78498,70716,70474,66468,61810,61088,60591,50688,49703,49545,48875,48761,48538,47661,43456,41925,41444,41066,38952,38815,37922,36720,36518,35723,34881,34080,33720,31606,31585,31241,29968,29928,24757,23112,23030,22892
🌈娜娜太空喵🌈,🌈娜娜太空喵🌈羽堂,娜娜太空喵🌈HanL,行曲，不點唱只點播,🌈地表最帥的大叔🦖,娜娜太空喵🌈飼養員,😀😀,🌈娜娜太空喵😊輝,琵琶Q翔💟翔愛莉yo,栗栗皆辛苦,安捏啦,💙敏兒の達達✨,☘️艾尔🔥,Lina🦄️Hawk,☀KevinWu凱哥🌟,🕊琦琦💕TheOne,獨乂呆,心如止水,卡馬🎠7.29🎂豪兒,❦꧁浪Bar唉唷威啊🌈,拓拔俊(장동건),餓魔,🎙☀☀霈霈🎙☀龘💍,•~Ûncle~♪,嚇到吃手手,娜娜太空喵🌈秒焰星辰,桂晞研公主🧚墨緣,祥,🦄😈曉金金😈🦄,紀慈,🍭喜愛如💞茜兒❤稀荃,黑牛,☀️亞倫💫,YCCCCCCC™✍🏻,檸檬水,優酪汝主播💜李又汝,JAMES™,🌸摯愛香香💧心累,娜娜太空喵🌈轉神🌈,don哥,Eric,🎒雀斑🐳豪天,黃韋綸Alan,洪基祥,女神的鋼鐵人,你的歐巴🇰🇷李歐文,🌎🌍🌏🌍🌏,笑禪,🐲相愛和分開都是罪🐲,🍓莓莓捅你眼🍓凱偉,🌤
2305380,3340279,745595,599534,498463,402572,252730,213936,165844,142282,118686,113980,106596,88263,82071,82067,79894,76694,75973,73043,68076,67829,64158,57056,54643,52352,46430,44836,43189,42836,35975,32218,31585,31111,29164,28024,26366,24000,23381,21120,20773,20116,20022,18314,18090,17870,17281,17171,16098,15802,15315
🌸人氣天使蕾蕾主播🌸,大大兵大大主播,🈳彤㏼㍥金曲🔥右右,🌸人氣天使蕾蕾🌸帆♘,紀慈,🌸人氣天使蕾蕾🌸瘋心,蘇菲的dorkybear,請讓他⬆️停留在你❤裡吧,🌸蕾蕾⚡️發啵Lido,🈳金曲彤兒🈳仙草小吳,🌸蕾蕾🌸帥氣正🍃,🌠昱昱🌠🔥,最愛饒舌女孩❤️巧巧,🍁關兒🍁道具主播🤣,🈳金曲彤兒✨彤兒本人,🐹一生摯愛靜靜の葳,🌸蕾蕾🌸mini,👑king👑,Danz🆚丹®,新主播饒舌女孩❤巧巧,路過 飄過 一陣風,🎧Adrian_🎼,AzRaEL,💫闆娘的🎶初衷,人氣🌸蕾蕾🌸鋼鐵情人,🌸人氣天使蕾🌸咔嘰马,Cloud🐤,太紫爺💕無情玫瑰花🌹,小牛,藍💎,你的歐巴🇰🇷李歐文,🚔警察骷髏🚔,尼🍼冥🍋jonna,凱洛♥帥氣正,晞米蕗.唯歆.閃珊.MG,e851426,Sonz,Karas,abe★Norick🔥,🌷宗暉✨,®瑞貝卡🍭帥氣正🍃,🌸汪妹止渴🌺壞帥🐏,李金彬, 七月底退休，謝謝大家～,醉愛黃亭亭的帥氣正,J.U🤫White,胡明凱,套套主播💋套套💓,FaFa哥,🌠昱昱🌠如如❤,Danson
1535163,351300,116256,48702,39757,13800,8745,7777,7741,2938,2321,1600,1107,1040,1040,1040,758,619,402,339,198,115,105,99,88,64,63,46,41,38,35,31,28,27,27,26,24,24,22,20,18,18,17,14,12,12,12,11,10,9,9
郭瞳👀❤,零 ⃠ 8 ⃠零 ⃠,💖李李涵💖☁召奴🌈,永久封號,有夠帥氣,鬧事組👀鬧事阿公,明王,🌟暖男😘,Chun💍,最鬧主播-李李涵👧🏻,你好好,Mr.,🍀主播🦔東尼🍀,❦꧁浪Bar凱祥,李李涵專屬😝憲憲,人氣投給美金💰彬哥🔱,🐲新昇代💋翔隱❄,🦋蝴蝶🦋蝶小月🦋,💥哇～12阳吃💩💥,DJ柏憲,喉結🎙..之臺北帥😒,❦꧁浪Bar✾輪斗,🎵🎤🎧👊千面面✌,🌸汪妹止渴🌺主播⌚,❦꧁浪Bar🍚朝武燙燙,☀KevinWu凱哥🌟,❦꧁浪Bar💘愛玉🚀,阿B,右擺虎080,關閉程式中,☠👽💀小高高🔫⚒⚔,Richard,ㅤㅤㅤ,翻滾吧，牛寶寶！！,😜😜阿偉,邊緣主播💘彈唱小寶🍀,柯有男,守護記憶6秒👑沉魚落雁,偷飛🌵李李涵🎧槑🐼,少騫🎹 媛珍,卡馬🎠7.29🎂豪兒,濕沐雨叫我台屁，真的是屁,🍼禎禎👶Terry,❦꧁浪Bar✾龍種༊🔫,千面家的猩猩，😆😆,✋🐯💩🏊⛔🐷🐹,人氣票投鐵肺美金💰凱文,🐝小峰🐝🐠,😛綠蠵龜🐿️,新主播🌙芠🔮,🎠卡馬先生🎠
1786808,78149,59769,44806,42820,32057,26800,19678,15513,14478,12977,12321,7854,7057,6779,6516,6260,5906,5267,5200,5200,4293,3980,3944,3372,3180,2835,2821,2728,2720,2644,2634,2420,2384,2121,2096,1883,1805,1778,1752,1743,1711,1570,1502,1434,1417,1385,1356,1326,1320,1314
甜聲主播🗝楚楚,➖🎹剑十一狼🐺,我愛楚楚愛慘了,💫🈚🈹🈹💫,💗贝蕾💗还我前来,妳媽說我帥慘了,就愛吃檳榔套阿比,💙敏兒の漢克斯✨☀🌿,楚楚の提款機已上鎖,佛系玩家,傷心的人喝最苦的酒🥃,don哥,托瑪皮凱提歐,🔱人氣啾比笛😇彎義,雨,甜心啾咪💕小小必,蔡洛,金賢胖毆巴,麥當勞,🎹💗暐暐🎤老蠍,🌈熙晴🈶️💋,🐱潔西🐱阿宗,🌙🐹莫忘初衷💙🍒,花心松,來謝票の😈臻臻👅,💥海尼根💥,💩萌寶寶💩滾滾ㄝ,亞瑟®,Z🏹忍,小企鵝🐧狐狸W,守护ㄣㄣ💕💕的Aba,金曲票來投我🎹詩詩,ᴰᴶ童話💍鴻智💎,♡𓃠𓃠爸比𓃠𓃠♡,新主播🌙芠🔮,💫抖音楚楚💫,李歐歐歐🤙🤙🤙,🍋林ㄚ璇の舒壓寶🤗,露人♥,🦄愛張的阿慕兒🌈,熱舞🎀小啾Chu,💝萱萱ㄦ🍃白歆,☀🐉小米🍯樂佩喵yo,Bear,SIM,🌸汪妹止渴🌺神盾軍,.,皓陽✨,一隻新鮮的肥羊🐑,發發☀🌚Poky🎧,洛月楓🍁
1975322,1286022,1079281,665685,642073,230640,191972,142218,127545,100629,99816,96866,65368,46492,39905,38330,38211,29612,28935,27448,26216,25399,21558,19806,19298,18436,17500,16549,16131,15891,15306,14820,14598,14527,14293,13679,11959,11873,11262,10938,9995,9713,9531,9114,9091,9031,8230,8171,7992,7889,7624
你の天使小結冰❄⁶,🎙玉婷女歌神🎙RAY,❄悠默,小結冰の軒²❄,台北辣台妹😈ｃ吸⚡河馬,❄️冰公主的蟲王🐛👑,🎀糖糖兒💕愛糖の福,👑你の樂凡²😈,✨💛四七兒💛✨,👻🏮翼玄🏮👻,🐡魚兒ᴴᴰ🐡貳元,樂凡😈№♯☻小雨,柴兒💋,💣Zic饒·RB🔥,🎤艾咪不會彈鋼琴🎹,守護,Iven Pan,🍁微小🍀の墨,李禮安🐛💋,金曲投劉玉婷開播了快來投,ᴀᴍʙᴇʀ✌🏻,🏀人氣主播💕球球🎫,樂凡😈ゆきYuki☃,敗家子,🥃🥃飛天🥃🥃🥃,✨你の夢幻天使嫣嫣🌶️,🌊芳小如💫冠宏🌊,༒❦白色老爺❦༒❄🍓,天使金曲抽獎毛線➿毛線兒,🐛の桃太郎⁶₉,金曲👼🏻雅棋⁷⁷😽,台北辣台妹😈ｃ吸⚡™®,幸福妙妙琳💖疼膩蛙心肝,曾誠正,小結冰の軒²❄,大千,小結冰公🐷的守護天使❄,😛綠蠵龜🐿️,🍭リトルプリンセス🍭,🌙🦁提琳艾歐🐶可魯,蟲寶寶🐛熊本部長🐻,金曲票來投我🎹詩詩,多喜,🐧愉2のLiLi💜,💙樂樂💙 阿斌,꧁黑蒼蠅꧂🐛,⭕歐娜🦁,申申,樂凡😈80喬,美女,🐶30678🐶
2503332,259511,114785,31120,27210,18091,9447,7960,3188,2708,2628,2628,2440,2329,2125,2008,1899,1769,1480,1434,1332,1320,1314,1314,934,837,744,681,560,547,520,520,509,448,339,281,270,262,261,260,253,235,227,197,191,166,163,111,111,80,67
塔羅公主🔮玲玲兒💋,不完美也很美~,🌙專屬月月❤阿權♎,女神的鋼鐵人,lisa,㋇㏠綠龍1週年🐲芸榛,孩子王🤤咬人貓Cat,室友,趙國慶,💗犯規の四面玲瓏💗,🔮Alexskmez,蘇蘇✨,無中線,🌱🐇豌豆,蛻變,蛹蝶,菏菈,心累到已心死の喵喵,👗王曼㋆㏾㍩熱推♌菜脯,💎白眼㍿🙄沉默寡言,🐶邊家啵啵羽🐶,🍀心情電台🍀米希亞,🔮玲玲兒🔮Leo,新主播❤🐹涼涼🐹❤,🔮黃冠冠🔮,AlexFish,💎白眼㍿🙄喰種re喵,❦囍❦🌸😄雨果😄,小依格,🔮玲玲兒🔮Eason,永恆🌹真愛🦄 永恆,Airflyer,Branie,新主播❤凱凱🍭,人之初性本善,馬卡龍,蠢兔🐰睏寶😪,🎈人氣偷偷💙偉偉🐢,Rong LI,王曼🦍木頭馬,羅明盛,勇寶寶♍派大星,阿權欸♎♎,☀天氣晴☀星兒💞,✨大熊♎,家闊~,叡慈小粉🐏志銘🐏,💜yoyo牌巧克脆笛酥,🎡夢幻佩佩兒🎻頭頭,🌼陽光拉拉🌼主播,🔥Crazy莫🔥壓壓,屁の憨吉馬🍠🐎
1641637,7156,5678,5312,1350,1332,1332,880,804,594,105,102,98,81,73,66,64,55,47,36,35,33,33,32,31,18,16,15,14,14,13,12,11,10,9,9,8,7,7,6,6,6,6,6,6,6,6,5,3,3,2
🍗季澤Jeter🎤,金曲票請支持季澤-王女己,金曲票Joe季澤Jade,星主播💫亮✨,子沂🐏害咻一波舒芙蕾,季澤❤金曲票-花媽盟后,季澤金曲票-凱特,👾伊豆👾叮叮噹,我是驅魔人,🦀️🦀️吃到掛😱,✨我是SuNnY☀,🎤金曲季澤🍗倪倪,貝,🎤🌸白T-shirt,金曲投季澤🍗淚寶貝~*,金曲投季澤🎤小如,🐷樹窿Mak護士諾諾Ⓜ,☀SuNnY詠晴🎀,🍗金曲季澤🎤湘湘,8/21演唱會🕷亦宸,帥氣投三叔1756488,🔪希郎姑逃🔫,少騫🎹 媛珍,小晴天,子沂🎸季澤🍗布朗尼,🗝偉認🔓婷兒,✨靈☠魂💫,🐶,🎤🌸小天🌸風漫雲輕,季得愛澤 🎤米恩🐾,木易水門王十曰十人羽,🎙️M&J麥杰斯🎤,史黛西家族🎤芋泥,🍩樂事🍯小嵐,只想好好唱歌🖕🏻莉莉,🎠大兔鵝,🌈柒柒,狗狗✨,Deer鹿💎主播,酪梨哥,10987654321,博羽,浪LIVE小福神,🔥韓宇秀🎹蘇小閔🎀,人氣票請投美金💰浪紅麈,秘,新一波主播🎸子沂🐏,Liyun,新主播💎冰心💖歆若,捏爆⚜️豆淘栽✿AB女優,Jia🐾Yin😸
2151958,1442114,926603,797521,690108,652223,336964,95462,85325,81652,75426,67879,51748,51257,50452,42806,37367,36528,35294,33684,33091,25214,22859,19330,18016,17754,16861,16167,13144,13002,11386,10703,10341,10219,9679,8229,7034,6940,6565,6333,6196,5950,5886,5857,5557,5249,4956,4901,4781,4777,4708
🎫人氣🎀Nico🌝,🌊我（如)💫老枚🌊,清蒸大閘蟹🦀️🌝,🌟阿醜👻,宋本丸🍙¹🎰₂🦄³,🍙👠粥躺好,🐲摯愛🎐尹兒🎐湯麵,人氣Nico🌝布萊特,最壞不過是關上這世界的門,🐝金曲蜂✨🎠🎡,🤘台語洛克很棒🤘家貓,💖守護苡柔的愛🐰拿鐵,🌺Mina🔙,风清扬🗡笑傲江湖🗡,🤘《劉洛克》🤘,人氣投琪琪抽新光禮券🎀,♒️優兒✨,㋇㏹本丸音樂會🍙宋本媽,人氣Nico🌝周湯姆熊,🌙芠芠🔮蔡菜,🌹人氣🎫漢娜娜寶🏦,🏰宛霖✮希望,旭,天使主播🏹Z娜兒🍒,♒優兒の金金®✨,人氣Nico🌝玉米🐋,鎖住妳🔒偉認🔑,人氣Nico🌝周湯寶,🈳🈳,🎹喬喬💛Lance,痠🎀,꧁嘞是鬼鬼♛⁷⁶⁸⁶👻,💛四七兒✨魯夫,🌽番麥🌽,🤬🤬暐🖕鴿🤬🤬,我（如）～趴趴走,非凡,🦄 ℳĩʂʂ… ღ,🎀老鋼🌝,祐祐,🎤王桀Wilson🕶,琵琶琳琳🤘🍙宋本飄,💣Zic饒·RB🔥,💝婚禮主持安祺💕國王,🔇🔞Gary⛔🎈,🌊芳小如💫小程🌊,妙🌸Nico🌝小精靈,人氣Nico🌝周湯包,🥀momo,隨心所欲🍻步懷真✍,㋇㏹本丸音樂會🍙宋本樂
1858339,2357255,2204568,1022036,757004,553312,534045,495738,467984,387433,347986,289183,236496,220179,197893,194941,186602,172633,144519,132050,123415,123181,111108,110917,107806,104279,97190,94661,92015,90148,87381,80877,80736,79011,78013,77851,77336,75572,71326,70305,65978,64847,64815,62961,62410,61168,60629,59619,57335,56544,55498
㋇㏪㍦熱推🦄韋韋兒🎀,💞諸神黃昏💞,㋇㏪㍦韋韋兒熱推🎀威文,㋇㏪㍦韋韋兒熱推🎀秋條,༄🦄韋韋兒🎀࿐頑皮࿐,皇太后,㋇㏪㍦韋韋兒熱推🎀安✨,            ,🎀是你親愛的小蒟蒻🌸,🔹⊱飄你妹⊰🔹,🌙辣糖果🍬💋,嘉華,遊樂園🎠路路💜💕⁶,👼🏻喵喵⁷⁷😽,玻璃♡聯盟🎤齢²喵邱祥,😇紫想去妳心裡蹲💕,Vivi,🎠苡薰の場控🎡小猴子,ི༄泓ོ࿆༒憶ེོ࿆࿐ི,能不能不想懂得答案⚽馬爾,㋅㏷㍧韋韋兒熱推🎀KS,🌙糖果🍬ღ孝銘油💋,.,神吃訣🍎墨梅,Roy H🌏,💔,🏀人氣主播💕球球🎫,快投票啦！幹,韋韋兒🎀桃太郎底迪油,大明星亭恩😻-卓卓,蔡董家族，扛霸子蔡董,❤️杰佛瑞❤️,🌺花花花花🌿,🚢討海人🚢小涵涵🚢,最愛🌙糖果🍬小路💋,ʕ•ᴥ•ʔ💒Caris,人氣投給美金💰彬哥🔱,空靈系少女🌸元元のシロ,🐳YA🌹,🤡阿奇愷🦁,🦄韋韋兒🎀老王,住在火星的Leonwei,人氣票請投球球🏀壞雞腿,阿鋒,🌻小語ÜÜ❁最愛的🐗,💗芙芙💗邦🐲,💋🌸臉圓圓a妮妮🌸,就是能唱💋樂群⁶,流浪狗,呆萌主播💕安寶,你的歐巴🇰🇷李歐文
1992425,1350407,569282,496620,212907,190714,124773,93895,62249,50864,43784,42800,36117,26830,26482,25525,22479,18276,18159,17818,15763,15557,13857,13366,12013,11535,10858,10402,10043,10020,9606,8724,7880,7841,7034,6608,6514,6476,6456,5901,5863,5785,5756,5310,5252,5082,4742,4462,3945,3927,3848
🍬甜心主播🍬瑜兒📐,God,💠金曲雨璇🎤修羅,•~Ûncle~♪,🍬瑜兒🍬Tai帥♂️,📍🍬➰老郭➰🍬📍,🌊芳小如💫RU.🌊,緣聲大姐頭🌥妘妘🌥,槑女主播🐡魚兒ᴴᴰ,🐳🍬瑜兒♎️♛順🍬,🥃🥃⚒鐵槌⚒,芯所向维有你💌太子坡,🤫不能說的～秘密🤫,金曲請投珊卓拉🙏駿翔,紅茶兄,⁸⁰94❤余寶妮⚓Ben,🌺妮的小甜心🎶艾妮,💍咩女神💎✨,金曲票投妮蔻🌹alen,金曲投姿昀🙏🐈阿丹,館粉🍌🦖八七魯夫,🍬瑜兒🍬紅茶妹,跳跳🌺,邊緣人,小主播反省中🌹芯維,韓新主播🌸米妮민니,小嫩小嫩🍀不來恩✨,美聲女孩💃🏼愛麗絲,🎙天使主播🎼楊詩詩,🎹金曲🎤張政宇🎺,💠金曲雨璇🎤買,瑜兒🍬老態單眼皮,胖成球,芯維🌹叫我來送票的和尚,Luna🌬露娜~大塊,療癒主播💐小妍希💐,帥氣投三叔1756488,🍬瑜兒🍬Cindy,👋人氣樂樂🌶大和👋,🔆茶米Debby🌹,愛跳の凱a🤔,神吃訣🍎墨梅,主播❤蘇菲兒👸🏻,🌹芯維🌹🕊飛戈🕊,-.-維克,廖浩羽,堂,陸 龜,💠金曲🎤雨璇,🐷筑軒兒👗孔明,主播🐣蛋蛋YuNa💕
1839607,120629,92288,56878,55106,37970,34411,24602,22625,13962,11035,10781,9217,8891,8342,7888,6748,6028,5827,5511,4473,3987,3942,3284,3261,3137,2781,2694,2694,2467,2343,2040,1881,1845,1735,1578,1521,1516,1314,1314,1314,1280,1227,1184,1136,958,935,837,800,720,681
💞函函💞™®,蝴蝶的小阿飛,💞函函💞😍萬太😍,💞函函💞之幸運星發發,💞函函💞啾函族😘©,👼天使の函函。香菇🍄,💕函函💕我從不😪,💞函函💞低調 ࿐💥,公主 夜未眠💍二兩,💞函函💞🐼🐼🐼,༄👻飄來飄去࿐👻,Casey,💮大叔怎麼了💮,💞函函💞唯一,神吃訣🍎墨梅,獅王啟誠,阿營,💞函函💞肅靜,🐷💞☀🐧💍咒耶,Rv騎士雙頭龍,💕函函💕🌠專屬黃黃,🍁小🍃鳳🍃爪🍁,💞函函💞唯一,我來湊熱鬧的,調皮寶貝💕翔😨,廷蔚💕調皮寶貝💕尼莫,芒果冰,拓拔俊(장동건),💕函函💕👉樑風👈,🌊芳小如💫喜歡妳🌊,🦋佑兒專屬🥀左邊♥️,嵐,💞會長💞,🥕娜娜子の場控 JT,💞函函💞Jimmy,❤函函❤喇叭Bin,💞💖函函💖💞小黑,洪,偉偉,💝調皮寶貝💖逛大街,📱隨緣自在📲楡榤💞,行人,💫林思思🎤清爽Der,💞函函💞粉絲阿榮,獅王啟誠,調皮寶貝💖Q蛋,0806449,陳建勳,Tequila,唯一,🕰0
1053889,3417547,2538874,746091,707715,524038,404865,365409,240321,178309,169825,167648,133059,130381,128468,115655,95644,89436,86430,72306,62179,56825,54321,54018,50099,47546,44497,44246,41100,40716,40474,40139,39338,33074,31357,28129,24957,24134,23488,22898,22319,22267,21142,21028,19448,18741,18459,18123,17492,17138,16399
新主播-☘麗子☘,租,☘麗子☘のCASIO,🐶🍯☘絕對天使,❦꧁沒判斷力瞎爆了༊🍷,💕小Kk貓💕小宇,🐳净衞軍🐳高速輪,♋巨蟹男👨咖啡師 艾文,🗽張莎莎🎙展展,加油！要努力戒菸🔥火大,💒腰瘦,🌤藍天,蛋營養ATM🍤🦐🦐,🌟康康🌟心碎,💜💞寧之靜海💞💜,❦꧁浪Bar✾༊倫倫🛍,✴黑爸💥,癢癢,❦꧁浪Bar✾魚🐠༊,殺生留級 學生刀 刀學生,🐒珊卓拉求金曲票@ㄚ叔,🎐蕭蕭🎐莫強求,麗子家沐秋,莫強求4,妳不懂我的平凡✾南霸天༊,🎙新鵝頌主播🗽張莎莎,☘️麗子☘️小租,❦꧁浪Bar✾輪斗,🎀奶茶與糯米💕靜,人氣漢娜偷偷🍃何必問油,小偉👾,🍼喝內內🍼金勾柺,91.6公斤🐷吉米爺爺,💮妍希🎯,❦꧁浪Bar👀CL👀,🍫巧克㍿☤華少🍫,新主播💗內內nay🍼,☣董事長☣,🍯honey🍯,永久封號,❦꧁浪Bar凱祥,✌雲遊四海🍻煙草哥🚬,人氣唯一漢娜寶🚬李麥克,ﬆ移花宮🏯花蝴蝶👘,🌸金曲小天🌸陌生人♪,☘麗子☘莫強求2號,人氣偷漢娜🍃夢幻蓮霧,柔柔,🌙辣糖果🍬💋,¹⁶²⁹²⁴⁵人氣給漢娜,🍁楓靈主播🍁峰仔仔
2504018,688913,304592,147501,127726,107997,101825,96376,83664,77286,55230,45465,42550,40349,34951,32205,26868,23772,21885,19948,18182,17997,16780,16487,16359,16093,15747,15655,15568,15228,13966,12965,11770,11636,11081,9223,8618,7084,6721,6666,6598,6555,6350,6152,6038,5435,5399,5336,5200,5200,5080
Owen歐文🎸🎤,金氣請支持1380279,喉結🎙..之臺北帥😒,歐🎸睿🎹健🌀萱萱,🎃萊恩同學🎸🎙,桶仔雞🛢🐓,魚🎣,Owen歐文🎸兔♡,。金曲睿騰。2。,🔝🐈姿昀🎤,子沂🐏害咻一波舒芙蕾,翔羽🕊歐文🎸s小花s,🎸Owen🍃佑珊🎙,ㄉㄉㄅㄒ,Evita,若凡👹RF👹,Ⓜ麥芽KW🐷Ting,🐻金曲歐文🙏金星仙子,家瑜Avery🐟,👹金曲投若凡👹Yi,初戀主播🖕卡古,金曲歐文求票🎸跳🍁,Miniʙᴀʙʏ💋,8/21演唱會🕷亦宸,💮妍希🎯,金曲投姿昀🙏🐈阿丹,🔝🐈柚子,🎹🎤Ree睿騰,maddie🐰,💛郭小萌💛初心者主播,🔰Tango🔰,🔝🐈阿嗚,㏽㍬熱推🌱小咪💕のW,🏰 ㍬半公演✮宛霖🎤,溫天天的丹尼斯,💯%人氣笑欸🔹NO*,👹RF👹蔣曉天,🍎Apple🍎,🔝🐈姿昀🎤毛毛,人氣投琪琪抽新光禮券🎀,🎹睿騰🕷羽宸,金曲投劉玉婷開播了快來投,新主播💅子菲,浪花貧戶👙小薰子👗,新一波主播🎸子沂🐏,金曲投姿昀🔝🐈三月心,Johnson,🐿睿騰❣Meimei,金曲睿騰❤️可比👰🏻,金曲歐文🎸Cindy,✨睿騰🎹子齊🎤小惠✨
1183158,165894,61132,44353,33393,20459,15506,14429,12870,10330,9786,9071,8602,8026,4927,4160,4142,3623,3391,3120,3100,2976,2328,2080,2080,1745,1706,1560,1395,1342,1205,1046,1040,1040,870,717,698,662,610,594,581,537,530,520,520,520,520,520,520,475,423
㋇㏠早上㍢新主播愛玉💋,💕夏天有愛玉💕男朋友,💕夏天有愛玉💕星空,🍌人氣萌點點🍌ㄢㄢ,♋巨蟹男👨咖啡師 艾文,小米兒🍚731生日快樂,🎶夏天有愛玉♥滷蛋♥,果醬子騎士😘銘,寶寶最愛的小游,㋇㏢㍩熱推💋巨砲砲,🤘抒搖型主唱🎤奶茶,❤YuKi老婆的工具人❤,何爵爷,㋇㏠愷熙試播🦐ruby,京🌠,❤️夏天有愛玉❤️李安安,🚂⚡阿全,麻雀變公舉,絕,咩💙,💕夏天有愛玉💕 章魚,小佳,☔珮珮☔愛妳_ㄕ@老公☔,强力女聲瑪莉家小场控米米,🎤艾咪🦂john寶,巭孬嫑❤️上我💋,萱,石頭,🐻波比🐻,喬,Jiyo,新主播🖤Vera薇拉,芬妮🍁老公,💃牛奶,❤人氣美女貝蕾❤柯寶,🌸堂堂🌸千層塔,住手不要再打要打去練舞室,🌟魚魚公主🌟阿峰,💕夏天有愛玉💕羅赫,明矾,鋼鐵大亨kevin,玉米姐,😮來來去去🎧遇見你,雲月,豪饗貝鋼,🌟療癒主播🌈小超人❤,喬兒8/1.13點試播喔,館粉🍌瘋狗,紫罗兰,🌸汪妹止渴🌺萌༒萌,🔹⊱飄你妹⊰🔹
3006792,22886,12544,10794,7506,1899,1865,1383,745,366,294,145,142,85,80,79,54,51,50,49,46,44,44,40,34,34,28,28,27,27,22,22,20,20,17,15,14,14,14,12,12,10,9,9,9,8,8,8,8,8,7
꧁晶氏㍿༊꧂女神晶😻✨,꧁晶氏㍿༊꧂男神佐爺,💫晶晶專屬✨情皇上,非晶不❤️✨銘✨,꧁晶氏㍿༊🦄獨家聖獸꧂,꧁晶氏㍿༊꧂賈絲汀,Shisian Yang,.,晶氏企業🎇厭世加菲喵,晶氏㍿🎆浪跡天涯🎆,@晶晶㍿小聽眾-明璋,晶氏企業⚡️史丹利⚡️,非本人輕勿擾,🍼禎禎👶Terry,晶氏企業↗辣手ㄟ傑↙,小八,信聯,晶氏娛樂✨漢斯,Jamie哥,☀️亞倫💫,OL胖虎🐯❤~香水哥宇,꧁Jos玲🏹狼王獵魔꧂,晶氏企業專業顧門口-彬彬,Sai,ɖǟ那裡有ֆɨʀǟֆ喔,人來瘋,🌙萱萱👾的騎士古古,don哥,🐺我的存在不重要,光速飛翔,🎆晶氏娛樂員工-佳煒✨,巧克力🏦🐰🌻士力架,眉毛,晶式企業金門小組長-小小,晶氏企業🎉我阿超🥇,😈²🌺後座沒人坐,💫Catherine✨,💖馨兒💖科克艦長,只為聽歌～痞子大叔,晶氏㍿⚡便宜十塊錢,🐼寶兒💋,🍤🐾鬼斗🐾,洪七公,莉婭Liyaの前夫,😻靚舞李娜😻韓貫強,🐸🐸🐸,❤💚濟公💛💙,❌愛小紗❌🐳拉拉🐳,江聖,As Lin,🍰幸運芯の🍯小逸
1380203,3306771,1900000,1003388,890244,518884,436449,384059,338234,214702,199779,197714,178750,152730,129818,118529,113985,113594,93305,90848,81994,80428,77869,73380,70718,70538,57141,49434,43951,37975,36033,33397,32968,32517,32262,30229,29020,28960,28363,24470,24073,23988,23893,22203,20729,20493,20310,20108,19041,18844,18569
🎙天使主播🎼楊詩詩,altöম楊詩詩⚾奧斗,楊詩詩1號,🥔🥔🥕🥔🥔,altöম楊詩詩➿Roy,風起雲湧,🍃無名🕊,🤘抒搖型主唱🎤奶茶,🌤藍天,💃nk,don哥,༄༂🖤飛飛🖤༃࿐,摩西power,暖聲主播🐗K先生🎙,altöম楊詩詩❤️小宇,金曲票請投家蓁🎤徐嘉鈴,⭐🌸☀🍭🎙可謙,altöম楊詩詩🙈藍藍,🐒珊卓拉求金曲票@ㄚ叔,🎀春嬌✨🌬黑嚕嚕,PangDi🍀胖迪🎑,🎙新鵝頌主播🗽張莎莎,👑K歌之王🏆,☀張小歐🌸,丞芯💕Janice 翔,🚢討海人🚢小涵涵🚢,吳小杰,娃娃🌺,貝兒,altöম楊詩詩🎙小孟,我的心為雨薇而跳不離不棄,🎵🎤🎧👊千面面✌,一生邊緣༺怷༒怷༻,༄༃🖤張寶🖤康銘༃࿐,親親請嘟嘴💋白白,🎸猛男系彈唱🎙小葛格,人氣請支持㊙武老千♈逗號,人氣唯一漢娜寶🚬李麥克,真亦❣우우QQ👾,人氣票給偷偷💕小吳,👹金曲投若凡👹Yi,0811週年畫展見面會,千萬彈幕💕雷克,💙人氣樂樂💙,🎤次咩🎸🐹芝麻🐹,新療癒主播🌻聲嘶莉潔,🎶Jimmy💤,小精靈,光臨🌠,🈚所住🗡和光同塵🗡,🎹傻眼家瑜🐟ㄒㄧㄠˊ
1134107,1926647,590508,175054,128990,69362,67707,64808,64525,60905,34249,33933,29218,26028,24566,22277,22213,21707,21376,19041,18972,17465,17111,15707,15409,14267,13954,13706,12933,12620,12584,12036,11918,10483,10300,10261,9673,8346,7661,7482,7411,7368,6688,6688,6663,6238,6160,5922,5706,5318,5108
🌹⛄️花大白⛄🌹,༄༂🖤飛飛🖤༃࿐,Ditto,༄༃🖤張寶🖤康銘༃࿐,我是霏霏🗡FiFi🗡,🌹花寶🌹,金曲🎫投玉婷🎙紅塵帥,金曲💕✵꧁緁彤꧂✵💕,🥕比比兔🐰,保護我方小花寶🍃貧民迪,花十一🌹男神川,Ryan,潼潼®,歪膩🐻人氣🎸🐰,༄༂張寶🖤ㄎㄧㄤ༃࿐,花寶🌹白相🎨,✨✨,🌻mina🌻林可,J寶❣求金曲票🎫🦄晴,👶🏻kin🇭🇰,🎰呆😯河🏞馬🐎,💕💫🌹🌝🌺保镳,蝦味軒🦐,金曲🔴J寶🦀️小潔,🌹花寶&如寶の綸綸🌼,༄༂🖤張寶🖤༃࿐,免費金曲票投J寶🍒咕咕,ི༄泓ོ࿆༒憶ེོ࿆࿐ི,。,聲命力量✨雪兒✨,Luna🌬唯²,陰川蝴蝶君,Tim_yang,金曲票請投家蓁🎤徐嘉鈴,Ivy,至尊寶,多麼痛的領悟,壞人肖約翰,Free💖🐈🦋,少騫🎹 媛珍,小豆豆,“爆米花穎呈軍團”❤茹茵,🍺,🅼🅶✨毛人ᴹᴬᴼ🦅,🐳十大男神🐮牛五花,🐥侯💠政🍁廷😻,Sunny🐼揪艾力,玲,༄༂🖤張寶🖤頑皮༃࿐,8/26🍙音樂會~傻眼,芩藜💋專屬Kevin
1756639,138266,64071,44137,14140,4974,1325,832,824,269,250,246,75,66,55,48,25,24,23,19,13,12,12,11,9,8,8,8,7,6,6,6,6,4,4,3,3,3,3,2,2,2,2,2,2,2,1,1,1,1,1
人氣滑👠,人氣滑👠等待中✨,鼻賽滑👠語🍷,人氣滑👠求票の鼠寶🐭,人氣滑👠俊宏🐋🌶,妞,霸主,飛雲,👼🏻喵喵⁷⁷😽,滑蛋的滑👠學長,🤙小六,🐱CAT💋阿給😘,ㅤㅤㅤㅤㅤㅤㅤㅤㅤㅤㅤ,如兒のNASA🚀小鋒,滑倒的滑👠燕子,🔆唯愛摸摸🔱維尼🎠,✨💛四七兒💛✨,只愛胖妹妹,人氣請投澄安🍊均晏,🌙辣糖果🍬💋,👠卡麻麻蹲不下去👠,滑倒的滑🐒腮雷👠,🐱🐹🎙威廉🌺🍠,🏦👠🎸🐼⁶9俊羽,KK,Z娜兒🍒晴雨彤💗,👑被被🍡丸子✨,寶貝💕💕💕,😈偷心賊😈,眉毛,隱藏,米迦勒😲,🤞🏻辣手🌶️啊來哇,FIFI佩妮🍐文爺主播,痠🎀,混蛋們,抱歉！我總是忍不住花心,💫🐞🕊AnAn🎀,✨目前休播中莫莫🔥,天橋下說書哥💐壞壞💕,肵儀🎀女王主播🎀,kevin,🐱CAT💋啪啪❤😘,._.,💕蒂蒂の小弟👠,💗蛋捲🎵™💎,人氣滑👠泓滰,☀小鳳梨💍,😇想要翅膀的奇諾💈,人氣32強🎫蛋黃娘🐣,💕萊恩👠誠益
1221543,2000520,1819726,1664278,1292309,1286192,619481,583256,500864,455921,329970,257614,225550,218549,204934,190868,189039,183862,174620,174247,168208,165957,143161,142677,140706,139312,137468,135043,132901,123285,112646,111363,106901,105813,105200,98238,96600,84222,81563,77616,76746,74921,74295,73080,72525,71051,69548,68610,66285,64147,62374
邊緣主播🍬小安,小安🍬Cian🐈,韓新主播🌸米妮민니,💟生死如同之亞伯伯💟,菲進妳❤️明璋🍠,💃牛奶,拓拔俊(장동건),🐷冰冰❄小威❤️,👀毛叢叢👀momo芹,酪梨哥,☀神正女友霈💍❤️蜜糖,🍔逸顆漢飽🍔喵修,🍡甜湯圓要去遊樂園🎠,靜靜的聆聽~豪,☀️小丁做事小丁當🌸,羽山秋人,🐭天天の✨彥羽🐥,蛋黃哥,沒有人～,♋巨蟹男👨咖啡師 艾文,金夭壽,👶寶寶☀️Morrow,࿔,小護士被家暴,🌤藍天,肉圓妞🐽和和,Ann&米妮a菇菇🍄,✨喵の粉紅💩阿毛,水下那一分鐘,新主播✨欣欣✨,o西瓜仔o,尹兒粉絲侑憑,葳寶粉絲育麟分身2,😈獨愛臻臻👅潘大榮,新主播🖤斑比🦌,金曲投李蜂🐝,╭θ╮,🐝金曲投李蜂✨,🐲💡🌈謙🌈,💕^^冰❄️草^^💕,九💗獅子丸の呸矩林❄❄,蘼,🐣專屬艾比🐣爆炸🐔,綜合頻道💫味噌💫,度,非專業主播🐘象迷,❤正妹禹禹,新主播🦇小諾伊,🍡幫主甜湯圓🍡米其犬,屁屁魚,辰
2984634,193175,9635,7377,6602,5545,5206,3972,1531,1314,904,828,667,470,421,265,209,207,180,150,119,100,99,81,80,80,78,52,50,36,33,28,27,26,24,23,21,20,20,18,18,15,14,14,14,13,12,12,12,12,12
開朗小貓后🎈貓小可🎀,💜政政🎀,💗貓小可💗～BBB霆,貓小可－肥貓DiDi炫風,风清扬🗡笑傲江湖🗡,💗貓小可💗大叔,㋇㏹本丸音樂會🍙宋本媽,☀️貓小可💍的滷蛋,🗡🎈灌茶🍎🎈🗡,🌻🌻菊花殘🌻🌻,貓小可超女神～奧斯華德,🎈愛麗🦁🦁➡️李欸,ᴰᴶ童話💍雞兵團の雞哥,⛑蒙面加菲貓⛑,☀️亞倫💫,皓陽✨,黃金熊🐻,屁屁魚,🐷冰冰❄小威❤️,ZGMF-X10A~劍,😍獨愛貓小可の闇凰🎇,屁のeerp❤花花綿被,新主播 奈奈小隻馬,🏹威爺🔱,🐻熊爺爺,花🌹,李小狼,LINUS2,召喚中,💒腰瘦,六寶🗡笑傲江湖🗡,⚓⚓🐯阿泰🐯⚓⚓,半半家守護🐼鬼魂哥🎸,🍭仔仔🍰諺諺,🙄Tinny💞關東煮,展成劉,天幻,一生摯愛凱菈🎠祥哥哥❦,Chloe小渝兒~楊詔喆,新主播🎠凱菈,欸✴冷,史黛西🎤熾天使🚀,封浪中，與世隔絕,人氣投鐵肺美金💰野野,零 ⃠ 8 ⃠零 ⃠,人氣投給美金💰彬哥🔱,紅豆💕➿刀槍BLUE➿,你才碗粿你全家都碗粿🙄,榮公子,人氣32強🎫蛋黃娘🐣,太紫爺💕咕咕
2386480,1011789,658594,349556,211064,209019,196461,179106,119216,117821,99690,88131,84151,73932,57782,54091,53121,50940,49822,46340,35192,33979,31662,31347,31052,28222,24557,24208,23040,21336,18561,17497,16714,16538,16057,15582,15485,14789,13644,13009,11779,10884,9947,9881,9244,9028,8860,8624,8261,8092,7864
🍡甜湯圓要去遊樂園🎠,闕闕,👒陽光🌻,🍡就是要看甜湯圓🍡,人氣偷偷漢娜🍃🐶🐶,WANG,回歸平淡,我愛甜湯圓~恆溫要長大,🍒丸子🐼,🍡甜湯圓👒陽光🌻,剛好經過,關關,💫守護櫻桃-FBI🍒,👑甜萌萌👑,🥝788380,💮妍希🎯,人氣投樂樂1299074,小和尚 😎,☀辣椒霈霈💍💫肥💫,🎈偷偷✨💙翊丞,永久封號,甜湯圓家🍡Hrw,91.6公斤🐷吉米爺爺,🌸洗牌重來❣絮絮,甜湯圓小號🍡a0958,哇靠! 😲 没钱买烟。,千面面1364340金曲,小和尚 😎,甜湯圓🍼黃小舞,💥George,喵桑@小肥,修哥樓🐔甜豆豆🍡,喝紅茶☕,ﬆ移花宮🏯花蝴蝶👘,🌊芳小如💫小骨頭🌊,WON,零 ⃠ 8 ⃠零 ⃠,喵桑@甜湯圓吃飽了,FIFI佩妮🍐文爺主播,🍡藝陣家族✈飄揚過海✈,💒腰瘦,⛅一抹心香⛅,🏄丸音樂💌保羅👦,大飛兒🍡༻歐北叫༺,黑面糯米 💕大乐乐,火炎,🍒丸子的黃金小楷🐼,♬纖纖➰Tommy,☄ㄓㄥㄓㄥ☄,🍭リトルプリンセス🍭,獨💖文浚🌿眸牛
1534047,3028179,1066698,750145,691580,540289,309661,269674,262087,194597,166666,161362,151028,147997,126474,115251,112732,105891,90911,89434,86163,80032,79297,73646,71665,70673,70297,68022,67343,66809,64429,63448,62668,61916,61344,60805,60575,57278,56002,54837,54524,54387,54080,52603,51710,51043,48875,45017,43287,43184,43177
新主播💎冰心💖歆若,吃貨主播💔仔仔暖男,鐵肺美金🙏🎩英鎊🍺,冰心💎歆若💖場控樂高,💜💞寧之靜海💞💜,8/9生日趴白馬王渚🍎,💥12阳💥一手,8/11晚7試播晨晨🌞,神吃訣🍎墨梅,巭孬嫑❤️上我💋,傳說,厚漱共💦🚱,💗仔仔冰心💗浩浩,Hi👋I’m🐔🐔肥,人氣🎫藜兒👸海,我家寶貝Yuki我愛妳,如兒家🌼I’m來福,32☆,思念妳的心,🎸彈唱芬妮🎙🇨🇦,💃nk,💔仔仔家💔小Q✨,紅衣👺老男孩👺,🔮情歌翻唱💜紫哥💜,沒浪花的小熊🐻,別用嘴巴挺主播🐘走心,Rv騎士雙頭龍,做自己主播🍀臻Q🍀,🦁💗Ander💖,🎡在摩天輪の💠木耳❕,不完美也很美~,🌶️辣辣🌶️,四手聯彈服務處💫師公彰,我的天空!,🌼韋汝小p🌼,👊千面金曲✌書銘📚,浪濤🌠淽澐添🌠源,🦕🌋瑞恩🌈小小🔆,靜靜等待中,人氣🎫請投美金💰碩甫,☣血戰麟☣,徐老獅🦁少恩,廖威元,新主播🐙邑子🎵,有你真好,yoyopa,肉圓妞🐽和和,愛冰心😘👀😍💗,型男主播🧛傑克斯,❤YuKi老婆的工具人❤,台語主播🐒快樂享受人生
2935451,37954,19598,10855,9413,6581,4436,3403,3185,2838,2633,2577,2291,2231,1987,1760,1706,1553,1485,1382,1334,1189,1141,1062,1040,999,952,825,812,667,550,398,372,339,328,317,284,240,240,233,230,227,205,198,169,165,164,161,153,146,132
8/1三點試播☀棻棻☀,🌊想哭就要笑🌊,🐣一生摯愛蛋蛋💕笨昌,❥金曲票請投小玉兒☣哈尼,IRE,人氣票投給藥藥💊啊山,☀️亞倫💫,☀️棻棻☀️要家強,人氣票請投藥藥💊咕給,蓁蓁😐,小和尚 😎,錢男友,💙哈噗米💙雪炫聃耼妖,洪嘉進,🔥🍃鄉民書局📖,大千,🎵宇崴😸,人氣票投藥藥💊衝a,老爸,💖彭俊圓,Yong-jhang Jason,淚水無情肆花凋🥀,✧宏威🚨-⚓,🎒雀斑🐳豪天,🐣人氣蛋黃娘💕五告宋,挺主播不是用嘴巴講,🍚Lym👿,牛奶巧克力,🍼,🐗騎山豬甩尾🐽,九怪主播🌈養的海豹寶寶,金曲投姿昀🙏🐈阿丹,昏叫,🎹💗暐暐🎤老蠍,╰⊱ꉂ🄴比鴉࿔鴉࿔⊰╯,🐰傑✨,雨季有你,视觉暂留,屭,uncleSimon,人氣票🎫藥💊小鬼難纏,密醫黑傑克,🦄Jos玲🏹♓建忠♓,快乐每一天🍅,♎爵士鼓菲兒護衛隊♈福全,☃️,❤️兔兔🙄🎸旻🐰,喵喵零一🙏🙏🙏🙏,🌸人氣天使蕾🌸咔嘰马,劉正義
2810062,7446,4725,1314,766,306,200,131,32,24,23,22,21,15,12,12,12,10,9,9,9,8,7,7,6,6,6,6,6,6,5,5,5,4,4,3,3,2,2,2,2,2,2,2,2,2,2,2,1,1
🎼★模王藍天★®🎶,🎼☆模王藍天☆🎶如花,🐹靈魂🎙美伸🐹宗,🐌崇哥🐌,🎼模王藍天🎶靜靜聽,🐶,༄🦄韋韋兒🎀࿐頑皮࿐,追雲哥☁👉👍,游纓華,史黛西家族🎤芋泥,🚀金曲超人-露一隻🚀,🎼唯有模王藍天～小天♥,創作歌手何思維🔱何R,ੴ至柔ॡ♫♬® 錢難有,鴨子,史黛西家族🎤桑拿蝦,彈10下耳朵在超商射火箭,💋靈魂美聲🎙美伸💋,🔆🌹🌈小心肝肝☁,范欣,💓王董💞,pub女英雄🎤史黛西,🌹模王藍天🌹玫瑰🌹,先生周,「pk女王」媫JJ💋,༺ཉི❦蘇珊萊馳❦ཉྀ༻,浪濤~淽澐添~源,꧁ৡৢ❦✨興✨❦͜͡ৡ꧂,森 😎,🎼模王藍天🎶木🎠馬,⚡️音樂主⚡️黃金雷⚡️,🏆🏸瑞鴻🏸🏆,穎穎麻麻vicky,一哥,台語主播🐒快樂享受人生,金曲票莎卡🎼Mos奇諾,模王藍天※玫瑰,人氣投給美金💰彬哥🔱,浪濤🌠淽澐添🌠源,緣份,🎼模王藍天🎶恭喜,🎤🎵🌹莎菈🌹,💖模王藍天💖汝蓁,♥茜茜🍭Wei ♥,🍀兔兔,🐳凈衛軍🐳威鈞,🐳金魚美眉💕美美🌸,雪菁,ི༄泓ོ࿆༒憶ེོ࿆࿐ི,💕平凡夏天💕阿喜🎉,上野 😎
1938552,481849,464419,133538,100382,45822,44943,42273,38701,35570,29201,29112,29096,24874,23018,22154,20942,18993,18930,18242,17709,16201,15529,14803,14478,12972,12801,12644,11948,9781,9716,9557,8970,8922,8647,8484,8322,8187,7779,7666,7413,7340,7289,6588,6301,6081,6038,5759,5638,5519,5414
💕新新💕請投她人氣票,🐑這羊太危險🎖,🎠欣蒂貝貝愛你👑黑喵,🦆這鵝太危險🎖️,人氣🎠欣蒂貝貝👑白喵,🐑這羊駝太危險⚠️⚡,快投票啦！幹,🎸菌菌,🐑再見只是陌生人⚠️⚡,Benson🇹🇼™®,💐ℳᎶ💐,🐑這羊大危險🎖,歪膩🐻人氣🎸🐰,艾倫哥哥,🌹靡娜🌹Sash,☀️亞倫💫,Liz🌸荔枝兒,只想好好唱歌🖕🏻莉莉,武老千魔術師不能說的㊙㊙,愛跳の凱a🤔,🔜口今口今👺,天使主播🏹Z娜兒🍒,最初的感動❤️,長腿主播🍷Lisa🍷,💕甫兒💕,新主播✨兔兔兔紫君™®,主播🌹靡娜🌹,被撩主播😈芊兒✨,羅妹妹,🔆我の晴晴🔆歐嚕嚕,美聲女孩💃🏼愛麗絲,🦋佑兒專屬🥀巴黎鐵塔,人氣主播🎀泱泱💫,這是空號。請勿追踪,🎠欣蒂貝貝👑鄭伊健,🎠欣蒂貝貝👑蔡依林,紫系社會💜小紫紫在這啦,🎧,🎤🎵🌹莎菈🌹,🎀甜在心糖糖兒,🐱咪紗の子傑🍬,安,🎠人氣欣蒂貝貝本人™®,💕草哥🧡🎀,新主播❤涵羞草🌱,♐風雲熾天使🔱,俊,☀霈霈💍地球學弟,貝貝💕蠟筆小新,🌹羅妹妹🌹,💕新新💕霖霖
1037878,38507,26499,17793,10663,9293,8209,6666,6182,5289,4003,3051,3002,2997,2499,2495,2346,2298,2180,2067,1864,1568,1466,1387,1314,1314,999,899,653,562,560,440,405,404,371,302,257,200,180,160,150,125,97,95,84,80,80,77,70,64,57
🎤王桀Wilson🕶,妞,🎤王桀🕶奇異果🥝,🎤王桀🕶奶雞,✾竹竹兒ღ☺️😁🤪,㋇㏹本丸音樂會🍙宋本媽,🐷樹窿Mak護士諾諾Ⓜ,宋本丸🍙¹🎰₂🦄³,桀🙏丸🍙mo²宋本毛,💮妍希🎯,金曲請投王桀🙏mei,🤘《劉洛克》🤘,⚾️🔥PonPon🎰,🤘《金曲洛克》🤘珊兒,琵琶琳琳🤘🍙宋本飄,最壞不過是關上這世界的門,❄彈唱主播🎵雪花花❤,✴Jumping♤獎品✴,㋇㏪叢叢週年盛會🎨,🧟Zombie™️®️,🍻酒安娜...,💞彈唱阿彥啊🎹美美✨,💥海尼根💥,Alston🎠華總裁,♨ㄉㄐㄖ的三溫暖,0811週年畫展見面會,保育類🐢鹿界男神,🤘劉洛克🤘 辣椒😜,🌺Mina🔙,💋藹蔚🌟星哥🌟,🐱penny🐱限量版,王桀🕶❤❤,🐱pppenny🐱,🎫人氣🎀Nico🌝,🔜🐈🐒👺,☄🌠浪子🌠☄,🎤王桀🕶怜怜,🎤王桀🕶阿華,彈唱主播阿彥,🐽睡醒吃堡堡,雪花💣💥肥豬,㋇㏹本丸音樂會🍙宋本樂,💖守護苡柔的愛🐰拿鐵,喉結🎙..之臺北帥😒,🎤靈魂女聲🎹蒨蒨🎼,☠👽💀小高高🔫⚒⚔,🍱愛料理¥米兒🍱,清蒸大閘蟹🦀️🌝,邊緣主播💘彈唱小寶🍀,明帥企業😍打雜的小明,💫🈚🈹🈹💫
1321033,742648,673468,508726,425117,294960,280513,277391,269870,261663,235818,235569,234968,232221,206661,200126,145383,120439,120366,112951,100028,96578,94911,93605,93588,89562,83524,81038,78069,66592,64124,63130,60550,59473,54639,53859,51281,50335,50032,49011,48644,47410,46004,45414,42728,40807,39706,39574,36417,35351,35156
淘汰女主播🍌🍇小紫,抱抱💜,🐊百變主播👑賀答🎏,淘汰女主播🍌🍇筱紫,💒🌉筱顏多酚🌉💒,💫泡沫💫,喵喵零三🙏🙏🙏🙏,喵喵零二🙏🙏🙏🙏,喵喵零一🙏🙏🙏🙏,雙子星座,重榮,淘汰女主播筱紫🍇蔓蔓,喵喵零七🙏🙏🙏🙏,于君,喵喵零五🙏🙏🙏🙏,喵喵零六🙏🙏🙏🙏,喵喵零四🙏🙏🙏🙏,喵喵零八🙏🙏🙏🙏,姜痣瘋,🍇葡萄乾姐姐,守護牡羊星,💝天使 情人💝,㋇㏠愷熙試播🦐ruby,你阿嬤叫我來看你,🎤鐵肺美金💰水果熊❤,👼蛋仔👼,❤牛奶❤,💠木耳❕momo,7-11 心動時刻,淘汰女主播筱紫🍇詩涵,總有刁民想上朕,淘汰女主播🍌🍇筱紫,淘太女主播筱紫🍇小詩,✨主播💋語瑜🐟,三多木,🌹你好,🎤🎵🌹莎菈🌹,浪花貧戶👙小薰子👗,莘蒂👸™亀亀™,⏳💠偶 然💠⏳,❤💚濟公💛💙,💟彩妍💟,歌唱主播💞糖心保材💞,重榮,期待,💓王董💞,金曲莎卡🎹小誠,許金和,🍡就是要看甜湯圓🍡,我是誰,✨甜甜✨
2097904,21308,9198,3213,1864,1243,1100,1006,806,800,695,416,399,377,372,367,362,350,341,226,156,142,140,132,110,68,44,40,29,29,27,26,23,20,16,14,14,12,12,12,12,12,12,11,11,11,10,10,9,8,8
帽子控主播🧢愛蜜緹🍟,榴莲冰,黃金熊🐻,🧢🤪YC🙄️🍟,💙人氣樂樂💙哲哲🦖,鬧事組👀鬧事阿公,李禮安🐛💋,Share🗼赤目,💙人氣樂樂💙,ㄎㄧㄤ主播💋芸芸,刪浪了掰掰,🗿阿貼貼🍖,🎡在摩天輪の💠木耳❕,沒有成員,🐾樂羋💋土豆🐰🐥,Angel🍺手繪玩咖炭,CH,❦꧁沒判斷力瞎爆了༊🍷,買🐷滿5千折5塊,🌲木質EN6🌲,🐷冰冰❄小威❤️,🌺佛系主播💋蕾蕾🐳,༺ཌ༈饕༒餮༈ད༻,花🌹,🍡哈小建🍡,💓清新系主播🎐芮妮♬,新一波主播🎸子沂🐏,芭樂🍐臨時走路工,YA華✌️,🐉皇上御用🏁寬👒,⚓ㄧ生飄泊🌊乳香二當家,莉莉₆₆金曲票🎈殉小紫,🔥與芷同在🍻小穎™,🌱🌱,🦕任性男孩🌵小恩恩,闊嘴的國花🌹欸阿良👺,🍰甜點主播💎惠惠😉,浪之最狂者主播-狂風,🐼🌺💅➡海藍⬅,🦖甜點師主播🍰EE,😇人氣票投慈慈茶茶,🌹浪漫吃貨主播🍫MM,一生摯愛凱菈🎠祥哥哥❦,新主播 凱‿ᴋă̎ɪ,木馬少女🌸糖果ㄦˉ🍭,Amis主播🔱GD🛡,🐟愛喝茶🍵阿男,🍎小波妞🍎陸煇黃,👻獨愛郭郭💋柳༒柳,🗿貼貼🌼熊熊🐻代班,🍮流浪小布丁🍮
2650753,184050,136704,111043,90774,76361,41739,34609,28342,22354,16586,15356,15028,13319,12852,12025,11165,9650,8010,7993,7929,7877,7691,7066,6993,6942,6267,6124,5521,5170,5003,4932,4033,3851,3470,3253,3088,3033,2973,2950,2913,2794,2729,2628,2578,2413,2405,2314,2240,2087,2069
黑洞胃❤️貝拉兒,Rex Lin,爆衝,👑king👑,🅜'貝拉兒💓大雨,♥貝拉兒 • Hero,黑洞胃❤貝拉兒🏀紅豆,紀慈,✨貝拉兒💞萱,封刷💍雞兵團澄安の老公,☻挑挑☻,🐢🐢🍺吧🌈方根,夜貓主播🍊澄安,漂亮貝拉兒❤帥氣心田,貝拉❤️Yu,金曲奖评审,Ⓜ️包膜粉🍊🍁阿宏,貝拉兒・石董,喵囌,昶霖,已不存在,💖馨兒💖新主播🎤,🆙若菲兒主播🆙🎤,Ⓜ️包膜粉🍊🍁阿宏,貝拉兒❤️阿宏,😈獨愛臻臻👅潘大榮,該換照片囉,💩糞GAME認證協會,。,❤貝拉兒•Geroge,경수진,凌維,SaSiMi,帳號已停用,Ⓜ️包膜粉🍊🍁阿宏,Ⓜ遊戲實況主Ⓜ包膜哥,🐳凈衛軍🐳威鈞,Ⓜ️包膜粉🍊🍁阿宏,家沅,帥氣十足,一隻馬🐎Patrick,🕊👑薇娜🐷坤賢☀,🎹甜姿姿🔊丹尼🐧,🍺🍺🍺🍊🍊🍊,💐ℳᎶ💐,🅜'米米💓寶瓶🍚,🍹 夏日&戀情🥂,人氣票投藥藥💊正邦,晃台專用,♥守護黑洞胃貝拉的阿湯哥,💙樂樂💙 阿斌
1288296,197863,8170,8000,7392,6406,2656,1314,779,769,742,725,560,367,311,295,246,121,83,82,66,66,66,62,55,51,46,44,42,39,38,35,35,34,33,27,26,25,20,17,16,15,14,14,14,13,12,12,12,12,10
賣萌主播💋Penny,人氣請給萌不點兒🍌維維,Penny💋專屬 拍剩,💋Pennyの真愛❤逸,廷,🌪鋒🌪,🦋佑兒專屬🥀左邊♥️,禁止刷🐬奇異果🍖,小紫的專屬星星,守護佩妮公主💋騎士,最愛Penny💋單身豬,佩妮家的太上皇💋母湯爺,唯一只愛❣旻恩のMeow,🌺人氣汪妹😈鴨鴨,艾倫,威仁,倪の大魔王🖕,🌹浪漫MMの黃金偉🍫,Cloud🐤,🐳專屬蕾蕾🌺徒弟,YenLiYu,Penny專屬💋瑋軒,Penny💋小跟班,大大兵大大主播,Penny💋幼稚壞老人,此帳號已刪除,哪來的自信,人氣票給1333416,佩妮 💋 灰鍋,昊毅,✨甲夾小天使💫維尼,。,🍰幸運♡～霖仔🍯,꧁御風✾༊語兒࿐⭐⭐,🎀👉霖👈,廷🐹,半半家守護🐼鬼魂哥🎸,愛Penny🐷的戎❤️,Verona💕乃🐔混,🍊想妳的夜💝天空🍬,鬧事組👀鬧事阿公,人帥何必名跩🍟,🌙,獨家記憶™,8/9生日趴白馬王渚🍎,鵝,紀慈,小飛,💣Zic饒·RB🔥,守護佩妮公主💋uu.,熙
1328730,2743640,1478036,1139097,1002314,854575,703331,641859,603804,571641,516232,413311,349757,326595,307467,291864,276290,264311,242842,233546,222157,185604,184945,179877,179317,172790,158546,150176,141154,139181,137410,136806,129240,117849,111389,102991,100010,98371,87274,83954,83033,77329,69475,66746,61810,56296,52309,51583,51337,49481,48627
新主播🌸燕兒💋,燕兒💋阿廷,💫守護櫻桃-FBI🍒,[诈骗骑士帮]████明,🌹浪之神繪手黃老闆💋,Real新主播TP∞萬萬,哄我,有你真好,☠️飛哥☠️🧚‍♂️,🔝🐈黑子❄️☃️,woohoo.Holly,ㄅㄅㄅㄨ,浪花淘盡就該消失的小馬哥,大大兵大大主播,馬甲燕兒💋金城武,阿麟,☔DAI⛅,🥇歌唱主播✨宇熙,👶寶寶☀️Morrow,兒雨🖖,文鎮💉,艾比比💖調皮🐣,🛫欧巴仔仔💎🇫🇷,Kayla,❤新主播-圓圓☀️,闕闕,顆顆,吳伊森,菲進妳❤️明璋🍠,暖男🗝主播🍷泰恩,👍-Niall,細菌家撒旦“鬼溜,一生摯愛筑軒兒的銘,✨樂園🦄欣欣✨,🔥哈利紅⁶,⭐Ni💫新主播🤤豆腐,2552210👶寶寶,愛🎤主播🐷Eason,🎹💗暐暐🎤老蠍,🎸茵茵🎯Tony😈,Jazz🐶🐶,唯一只愛旻恩の喵,☀吃貨主播💍Polo✨,吃肉肉主播⏰鈴湘📣,神射手,☀️霈霈💍🎙鴨賞伯,༺ཌ༈饕༒餮༈ད༻,💝調皮寶蓓™®👉大叔,葉浩浩,kitty,✨靈☠魂💫
2030603,55199,31877,24983,20015,19597,18482,16779,15768,14246,12041,11284,9734,9147,8942,8680,8419,7200,7184,6597,5972,5435,5212,4272,3968,3635,3332,3297,3040,2799,2770,2628,2524,2297,1975,1851,1535,1496,1314,1314,1300,1291,1244,1200,1138,1041,1032,1005,1003,1001,966
😈你の女友💜姍姍兒,🎸茵茵🎯Tony😈,😈²🌺後座沒人坐,🍜平淡過一生🍜,😈唯一的姍姍💜太太,😈姍萌海誓🌺,如果我不是半杯咖啡💕,💋最愛77💋小澍澍,主播,🐬星辰不會笑🤠,🔥NONO🔥,人氣票給1333416,✨下午四點熱推二銘🎤,💖涵羞草🍀奶茶,🍊澄胖胖❤️Shine,༄༂看破…你個大西瓜༃࿐,😈SJH😈,慈家軍😇二爺💕,💫晶晶專屬✨情皇上,楊凱樂,Neo🌽準基,俊,😈亞亞😈,😈私人擁有,💋77💋,🍻,小志,00家の坤,重機男孩💕佳穎☄,ωαⅾ≮sh¡∟,👸,賢慧主播🌙阿提🌝,ꉂཻ哇☠的☠法࿐ཻଁ,💞孟孟兒の兒子奶豬🤣,一個人的包子,胖胖北➕,👸唯❥娜姐の紫色,🌸小天🌵看熱鬧的大叔,👿Peter山😘,😈桐言桐雨💜阿桐,💫🈚🈹🈹💫,༺༓澤༓༻,畯哥😊,🦄Joe💫筱喬👑,🎓🎓🎓Q仔👷,鈞²,😈姍保鏢🐚碩碩是我,Gerry,😇人氣票投慈慈の湯瑪士,小鴨子🦆~Luna🌬,慧妳꫞婷留🎙꫞君君兒
1857343,960470,947886,592410,434722,331284,168044,132111,126904,109725,101018,89837,83082,77227,70335,69343,64898,59242,50000,49993,49273,48745,46705,45363,44951,44905,41561,39749,38485,35214,33838,32489,31652,30031,29651,28532,26765,26175,25677,25306,24818,24739,22885,21113,20906,20898,20486,19791,19382,18256,16797
🌸甜甜兒💫,莫灰心,藜兒👸 愛人好難唷,一言不合就想帶妳走😯,Allan,🐇兔牙叮💕屁卡屁,🦋佑兒專屬🥀巴黎鐵塔,軒,惠聰,找我說不在,假裝不知道,Wei🎤🎧🎹,anson,烏蘭巴托,吾告害,小油坑,儒,🕊恬姿🏠📛仔仔,💙樂樂💙 阿斌,甘苦台灣人,雪碧🎀小義❄,💗犯規の四面玲瓏💗
2971354,1027,99,81,49,43,40,27,24,22,20,18,12,10,9,6,4,3,2,2,2,1
👠新主播👠桂馥,看到我請尖叫,💖顏妡抱抱章魚哥,👠桂馥♥黄金米蟲🐛,💫琪琪💫,人氣🎫藜兒👸海,小蜜桃🍑的小瘋狼,ஆ ଓ丁大哥,子蔚🎻阿姿,ஆLao姥ଓ謝大家の鵝拔,歪系主播❄DJ雪寶☃,🍑4新秀小蜜桃主播🍑,🍑小蜜桃🍑正宏,🍑🍬蜜糖坡妞🍬🍑,👠桂馥👠楊翊🎼嘉泰,可寶家🌠風雲哥 紫翼,☀吃貨主播💍Polo✨,🎀👉霖👈,🌋小🌋小🌋呂🌋,ஆLao姥ଓ專屬謝票🎫,小公主,二妹,🍭リトルプリンセス🍭,😈😈裕😈國😈😈,斤斤,芩藜💋陳熙,🍭新主播🎀妍妹妹,關哥,厚漱共💦🚱,🚀🌺🔥浪花兄弟🍃,8➕9😅屁股蛋😅,💥北雁南飛☄楓兒☄,戰士,🌊想哭就要笑🌊,黃錦順,🌻暖暖向日葵🌻,🌹專屬莎菈🌹庭慈,🍑小蜜桃場控🍑小哲,敲敲門🚪桂馥👠丞丞,太大太粗怎麼辦,迷癲,董董 馬甲是殺米碗糕,小白,🎼為主播加油💋阿義哥,宣宣1396450～影月,❄ⓥ時代場控❄炫v炫💕,三沒@阿正,閃亮登塲,🍼禎禎👶盈子,💋嘟嘟嘴💋小公主👸,傑~~
2560345,9072,6322,5633,4032,1662,1317,1258,1255,999,642,424,388,358,214,205,186,132,121,86,78,74,73,72,62,62,45,39,38,37,34,34,34,30,26,23,23,22,20,20,20,19,18,18,18,18,16,16,14,14,12
美聲女孩💃🏼愛麗絲,🐻,行人,開水小姐の紫墓,阿喜,愛麗絲💃盤子爵Kaz,🤘洛克最愛🤘澎恰恰,💃🏼愛麗絲💃政權,☀KevinWu凱哥🌟,💣Zic饒·RB🔥,一生邊緣༺怷༒怷༻,牧野幻風,ᴰᴶ童話💍雞兵團の雞哥,羞羞,🍫主播看我動態🦄帆,🧟Zombie™️®️,動態說明一切,天幻,✨大摳呆✨,李小狼,曲,每天都要笑👴我是景字號,女狼♡«愛火燎原»,🐒珊卓拉求金曲票@ㄚ叔,🌊想哭就要笑🌊,🐡魚兒ᴴᴰ🐡貳元,🕊️Toro☁️,་ཻ老་ཻ⃢公་ཻ࿆་ཻ,🌵偷飛💓心之言🐴,💧專屬湘湘💧丹尼爾,🎈✨阿偉,🍌小猩猩🔮,🎙玉婷女歌神🎙RAY,🏸🏸老夫子🏸🏸,珊瑚島,༺ཌ༈饕༒餮༈ད༻,༺༽༾ཊ山࿈雞ཏ༿༼༻,守護,⭐人氣鄧鄧🍄女神の小弟,🌟暖男😘,☠👽💀小高高🔫⚒⚔,呆呆🤔愛麗絲💕裂痕,Cheers🐧老鐵,六寶🗡笑傲江湖🗡,你の天使小結冰❄⁶,.,單車主播😎御風🌀,阿菘 抽獎王,💃愛麗絲💃小惟,💃愛麗絲💃-政翰,✨犽宿主播✨DanieR
1837007,813093,505578,253112,239667,184713,160839,155510,113457,111155,103160,91538,77073,44221,41003,39972,39161,38639,34400,31697,30936,30134,24833,24661,24600,24562,24406,22535,21735,21602,20783,19235,19169,19104,18640,17452,17023,16529,15854,15680,15473,15318,15112,14622,14342,13902,13463,13115,12853,12195,10565
拼任务啦🔥美琪™®,美琪🔥凱文,🎵🎤喬爾🎧🎼,依賴,美琪🔥阿帕查,風箏(預)的背影,詹姆士,魚一隻,Ivan😀,美琪❤️苦力(悠長假期),知道,陳琪,😘錯錯🔥,美琪專屬情人🌷小福,葉天龍,美琪🔥萊恩,kite,楠楠愛圈圈,💙哈噗米💘凡易💙⁹,噗噗噗,韲㠯乄亖弎🤤迷妹,🎤🌸小天🌸風漫雲輕,美琪❄️喬喬雷姆,快乐每一天🍅,查念陽,☀品誼，妍希專屬の粉🐷,人氣皮皮🤔發發☀,雨蝶😏😏,走在冷風中,美琪🔥˙Ꙫ˙,Present,NANA❤黑仔❤,詹姆士,😇,阿賴耶·真實,💙哈噗米💙雪炫聃耼妖,😇人氣票投慈慈Can,美琪家🔥123木頭人,阿南騎豬嘿啪啪,天使仙女😚DAN哥哥,1988,ི༄泓ོ࿆༒憶ེོ࿆࿐ི,🕊鴨²™®,🔱人氣啾比笛😇彎義,🐻,美琪🔥比菲多,美雨水球,💕蒂蒂💕の李小緯,大风大财神,葆葆,🔥🍃鄉民書局📖
1842094,1664283,1020307,966636,716122,703181,655636,608174,484752,439109,378946,270240,260176,248252,163699,160338,154115,145257,137524,129703,115798,102533,98821,91517,87122,83009,80912,80767,77797,76803,61139,59988,59564,58821,52032,46044,45107,43791,43046,42592,42116,36027,35667,34215,32467,31735,31327,29511,26074,25380,23866
8月1日2115卡爺公演,🃏卡爺🃏Yo🍁,王曼🦍木頭馬,Ricopu,💋JEM🃏星宏兒🌵,🐝金曲蜂✨🎠🎡,🃏卡爺🃏大田🎐,🃏卡爺🃏小山陽光大道,RJLin,莊小毓,熙娜희나♡,💓清新系主播🎐芮妮♬,🃏卡爺🃏林燁🐣,🍭樂寶✨,人氣Nico🌝周湯寶,🌱🌱,那麼熱♨那麼冷🐾,🐝✖️8794狂,❄️冰公主的蟲王🐛👑,♠山山♠,駐唱🎹芸臻の哼哼,___628____,新主播🖤Vera薇拉,🃏卡爺🃏卡達鴨,🌞 小太陽🌞ray,🃏卡爺🃏笑笑羊,顏煜凱,偷飛🌵李李涵🎧槑🐼,🍇葡萄乾姐姐,🐝🐝✨就是帥😎,♥品品🍎莎莎嬌🥘老大,新主播✨秘密大魔王😈,Sandy,SuperHero,🐝李蜂💃辣條💕神瞳,安柏❣七一二,🔥小芷の灰野🍻,✨ 浪人 ✨,🌠九一,777,🃏卡爺🃏Elena,💋路人🐷星宏🍃,佛系新主播🐼小圓🐼,人氣請支持㊙武老千-飄跩,🎙Yilith小奕🎹,金曲請投🐝李蜂✨,✈圍事🌸,金曲請投錢俞安🙌妞妞,跑騷團團長,橘子,魚小禾
3023381,38891,36034,30561,26425,18844,17563,17177,12238,11868,8738,7130,6707,6661,4626,3695,3674,3393,3336,3226,3225,2242,2010,1851,1651,1439,1314,1314,1314,1244,1044,1031,841,742,707,660,636,588,583,536,433,416,408,392,380,378,330,329,256,233,205
💣Zic饒·RB🔥,霸氣💄櫻花妹💋,美聲女孩💃🏼愛麗絲,厭世的🍮,RB霸氣系💋櫻花妹,💣Zic·白🔥Ⓙ🎭,RB霸氣系💣櫻花妹💋,✨💛四七兒💛✨,💣Zic·文秀🔥,💣zic.親愛的,人氣請給萌不點兒🍌維維,布里安👻BuriaN™,嘉嘉🌀,0811週年畫展見面會,🎤🎵🌹莎菈🌹,🤘《劉洛克》🤘,🎫人氣🎀Nico🌝,兒雨🖖,遊樂園🎠路路💜💕⁶,亞倫,初戀系主播❄維娜斯☃,💣Zic🔥鄭羽涵美女,人氣投琪琪抽禮券🎀紫狼,🐥鴨鴨🐥,木耳二號,🌹三八花花🌹妮妮,柚子✨,Rossi™🍭金茉莉,子沂🐏害咻一波舒芙蕾,🍭通靈主播🍭阿好🖤,逼兒💕,咪嚕谷🍀超沒狸貓🍃,🌟🌸拉拉🌸🌟,💣Zic·蓮霧ᴊᴋ🔥,六月新主播🐱喵喵小公主,🔥TB·牡羊男🤘🏼,꧁嘞是鬼鬼♛⁷⁶⁸⁶👻,8➕9😅屁股蛋😅,❦꧁沒判斷力瞎爆了༊🍷,🎤王桀Wilson🕶,人氣32強🎫蛋黃娘🐣,♨ㄉㄐㄖ的三溫暖,💣Zic·小魯蛇🔥,🌺Mina🔙,新主播🌙芠🔮,小丸子主播⛵鮮鮮⛵,仙女🦄,༺ཌ༈饕༒餮༈ད༻,蓁蓁😐,木馬少女🌸糖果ㄦˉ🍭,天使特效一隻馬🐎💕
2183770,482601,181737,174021,128629,108130,107768,103016,85464,79935,54736,53038,48872,48357,43361,41107,40320,38986,34608,31853,31584,30776,29855,28326,26733,26578,25989,25093,25045,21910,21209,20876,19904,18990,18568,18382,18372,18191,18160,17781,17118,16293,16125,15945,15350,15172,14827,14777,14600,14599,14460
🎡在摩天輪の💠木耳❕,🙊🀄️🙊🉐️🐒,💠木耳❕momo,✨💠❌🎠🐜麥丁🌪,φEason♡木耳✡強強,高級機器人浩呆,♥小綿羊羊♥,💣Zic饒·RB🔥,🍰甜點主播💎惠惠😉,靜靜等待中,ᴀᴍʙᴇʀ☀️,金曲票Joe季澤Jade,帽子控主播🧢愛蜜緹🍟,邊緣主播💘彈唱小寶🍀,💗蛋捲🎵萌樂💎,🤧粉大牌🎸芒果冰💩,📴🉑🈶🉑🈚📵,子沂🐏害咻一波舒芙蕾,李餌,🧡婉兒🧡老公💋💋,📀主播🎙️🎸千米后,龍龍,蓁蓁😐,💄+🎙+🎮子靚,💙人氣樂樂💙,ღMask💋瑰麗🍌,⛵守護鮮鮮⛵啾肆乂醬🍈,🙈🙉🙊,ᏞuᏉ小隻主💐啾樂💋,🗡🎈灌茶🍎🎈🗡,新主播🦇小諾伊,Amis主播🔱GD🛡,♨ㄉㄐㄖ的三溫暖,✨解惑主播💕小蘋果🍎,黃藝恩YI.N🎬,囍,🍑卡✖️斯✖️柏🍑,🌹瑰麗🔥螞蟻騎兵,厭世的🍮,斳恩是人間四月天嗚嗚嗚嗚,🧢🤪YC🙄️🍟,🎈威存🎈,🌹浪之神繪手黃老闆💋,佛系唱歌主播🎤艾文大叔,་ཻ老་ཻ⃢公་ཻ࿆་ཻ,💮妍希🎯,wen,新主播💎冰心💖歆若,💋融融兒😳,K先生🐗陳默,金曲🎫韋綸🎩兔兔🌙
2650437,290796,56173,52718,47108,43371,40269,38360,33247,27768,27690,25672,24850,23848,23403,21738,21321,18524,16563,16042,15904,15546,14707,14123,13379,12670,11237,9488,9200,9176,7901,7278,7230,6655,6281,6041,5763,5478,5386,4684,4667,4588,4570,4480,4170,4096,3942,3899,3779,3662,3559
天癩汁聲🎤林亞丹,8/9生日趴白馬王渚🍎,『JUST 丹』哈根達司,丹丹女鵝👧🏻樂樂💕,金曲漂飄票林宇☔Evan,Alan📛,🔮碧色珍珠音調🔮,牧凝守護者🐰🐰綠茶,王清吉,☠️LeoG.💤小普,國民美少女小囉囉,魔鬼中🌈出天使,靈魂系塔羅🙏月見占卜師,。 酷༒少,ㄎㄧㄤ妹主播👉🏻云筠,周思維,狗仔,Tommy,耍廢專長№㉑高緯™☻,聊唱小主💢BN,jun,杰格菲,植彥,🦌🎡樂園上的皓皓💫,綠龍🐲💡,主播🕎所羅門,守護佩妮公主💋騎士,布里安👻BuriaN™,W,Yi Xuan Lee,靜靜等待中,平庸,允燦💤,⚜赤霄⚜,🔥哈利紅⁶,☀金曲主播🎵小黑黑🍣,再遇見,MGBS示宇🕶,陳微 微,🌞小勳勳の守護🌟呆瑋,彈唱主播🎤ERIC🤓,丹丹破了🥚噗利狗狗,唱唱主播🌵水豚薇薇,微微痛,🌀NICK陳健一🌀,Hakui Chen,雅萍,梅森✏卡斯柏✨沫朮兮🍑,🌞翔翔最強の護衛ღ呆瑋,弟答弟,崩壞主播🎭Jun六月
2402049,113988,51215,16495,15494,13707,13028,8905,7572,5346,4436,4413,4134,4037,3686,3570,2951,2806,2774,2661,2443,2216,2090,1908,1834,1565,1456,1431,1428,1426,1413,1330,1326,1322,1314,1314,1050,1032,968,925,886,884,863,764,624,622,622,550,521,513,484
初戀系主播❄維娜斯☃,租,❄️維娜斯☃️安安,🐠小魚兒🌼專屬の憶憶,🌽,🔝🐈黑子❄️☃️,🌜喬安兒🌹の寶貝,凌波微步🧚🏻,子翔,可汗,💩主主愛便便💩,萬人寵，不如一人疼💤,💣Zic饒·RB🔥,糯米睡覺不愛打呼💕,獨寵糯💕 좋은 날,🍼,小🌟loveingin,💕🧡維娜斯✩阿寶♪,🎸茵茵🎸gis,阿射射,一生貓奴༺豬༒仔༻🐱,酪梨哥,香蕉哥🍌,🐜ℳ๓.果果°小乖♡,菲進妳❤️明璋🍠,🎤艾咪🦂john寶,🍁🍁🍁🍁🍁,機場✈維尼熊🐻,蒙蒙🌈狗明寶寶,❄維娜斯☃ 🐼熊貓🐼,༄ི༩浪夠了就回家৯࿐ི,🌟人氣票投拉拉🌸BY,千萬🚭別看我頭貼☢️,👶反差丸🌺翔月🌃,一生邊緣༺怷༒怷༻,✧人氣凱蒂老師 奕豪,💟Q翔ㄉ蹦蹦蹦蹦💟,🔱夜店主播🔱小羅,❤朵莉媽咪的小寶貝❤翔翔,專屬愛咪女神🌹落塵🌼,Lisa🍷蓋棉被純聊天,❤️貝蕾❤️摸摸打,柚子✨,🌺妮的小甜心🎶艾妮,❄維娜斯⛄場控阿綸,你瘋惹嗎？🤔👼,嫑婷💃悍宇🛡,💮大叔怎麼了💮,💣炸彈客RB💣倫倫,❄維娜斯⛄🌟阿修羅🌟,維娜斯♡小熊餅乾
1763070,197703,149130,148749,119567,117902,114222,112101,108057,105085,67174,66918,65584,63892,60162,58285,58035,55200,50307,48115,44078,39125,38205,35328,33852,31812,31049,30417,30383,29459,28218,27833,27638,26940,25471,25056,24534,24098,23300,22635,22091,19910,19587,19091,18482,18155,17949,16900,15726,15704,15142
🎭JK厭世系_小六🐥,♘ⓦⓔⓝⓓⓨ♘,TP∞ML🌹花粉飄🌹,魔魔和莉卡的寵物傑克,💣Zic·蓮霧ᴊᴋ🔥,抖音小主播💕藍星🍋,木馬少女🌸糖果ㄦˉ🍭,㊙㊙家族🃏才藝主洋芋片,婉婷,✨犽宿主播✨DanieR,我是〃樂樂   ♥,AWU✨阿巫💎小媽🍼,➶💜Vi♪La💋ℑ⋆,🐼,暖肝系主播🎭Joker,新主播-將軍,🤙小六,專屬小夜💍誼媃♥,【豪家】女孩,🍫傻傻✨糯米💕阿璃,J把腦爆起來K🎭迷妹,ღ sö na ღ,💣Zic·小魯蛇🔥,🃏JK🎭Winnie,🐉意琦行🍷
2786703,48,22,22,15,15,15,14,8,8,8,6,6,6,4,3,2,2,2,2,1,1,1,1,1
嘻哈饒舌機長✈️藍燁,緣份,藍燁航空首席空服員✈翔太,Karen🌹凱倫兒,藍燁航太總署✈阿布拉雞,魚仔🐠踏曲麥哈,藍燁航空✈🐲保羅🐲,藍燁航空實習員✈阿政🐣,🚀金曲超人-露一隻🚀,唯有一顆心🌹bebe,咪嚕谷🍀超沒狸貓🍃,藍燁航空✈️座艙長JLY,Jia,藍燁航空擦飛機✈️大野狼,🐟8➕9🥚偷偷樓🐈,🌧挨有🎀主播🎠,🌞 小太陽🌞ray,瘋主播🥁爵士鼓🦁菲兒,🎤〘歌唱主播：宥宥〙,🤧粉大牌🎸小双兒,小麥肌🎈娜nita🎤,❦꧁沒判斷力瞎爆了༊🍷,㋆㏼㍦試播🎩新鮮,🎤艾咪🎹泰迪,藍燁航空✈️3C員CCC,Austin,🦖甜點師主播🍰EE,陳妤妤,藍燁航空搗蛋鬼✈️你嫂子,JayJay😏小得瑟✨,挚爱維❄莫公子,坑坑老闆好,♨ㄉㄐㄖ的三溫暖,浪好卡,豬頭,✨我是SuNnY☀,💫晶晶專屬✨情皇上,🌶️辣辣🌶️,👑你の樂凡²😈,黃伊森~Eason,💧愛寶愛到嫑嫑💧黥殤,🎤調皮音樂˙MrJay,做自己主播🍀臻Q🍀,8/1見⁸⁰余寶妮⚓,13,高定亞🤙🤙🤙Skr,畯哥😊,Elva,李歐歐歐🤙🤙🤙,Orc_Saoge,歌聲裡有故事🕊翔羽🕊
2272874,261776,186327,113512,85912,85245,77690,72191,52403,42598,42311,41444,41297,37229,33557,31880,30466,29252,18629,17509,14560,12493,11420,10164,9055,9014,8868,8821,8624,7997,7859,7238,6903,6643,6615,6585,6570,6183,5942,5865,5827,5177,4874,4676,4591,4549,3942,3894,3807,3623,3378
呆呆新主播☁️珊珊,新主播🖤斑比🦌,顏煜凱,善良的男人🤔陽明,鎖住妳🔒偉認🔑,💚菉菉💚何去何從,芷葳🐷の小公主💙,🐨玎湘✨漣漪🐨阿薩,💙芷葳寶寶4我🐷,鮪魚好吃,♋巨蟹男👨咖啡師 艾文,📉😩呱²📅📈🙏,阿堯,🥇歌唱主播✨宇熙,黃韋綸Alan,♥品品🍎莎莎嬌🥘老大,Moss Chang 2,💋謝套套💓老鼠🐭,👻萌主香艾💕德明,榤哥,凌維,O₂🌱蛋黃娘🐣立承,守護記憶6秒👑沉魚落雁,👻軒軒👻,李千莫,💙芷葳🐷の葳寶🐖,💎凡妮莎®Rong⚡,💫抖音楚楚💫,❌愛小紗❌不敗🔱,如蛋,XX,🐲新昇代💜仁之初💗,❌🃏書維📮⛵,🐩house喬巴🐩,㋇㏠㍣試播💐愷熙151,🍒丸子🐼@阿伯楊文斌,人氣票🎀黑珍珠💖泰碩,💫講真的💫,💣,🔆 鴻 盛,🍐FiFi💋豬排便當,💙芷葳🐷孽緣小保姆⛩,🐲相愛和分開都是罪🐲,🔱張至謙🌸,한국어,gooooooooooo,༄ི༩浪夠了就回家৯࿐ི,豪欸,🍐✨芋➰頭✨111,🌸阿澤,🍌人氣萌點點🍌ㄢㄢ
2966424,19354,14723,13777,12801,5264,3107,3030,2907,2806,2076,1328,1314,508,396,317,239,132,122,112,100,99,68,61,44,40,38,35,34,34,32,29,27,24,22,21,20,20,19,18,16,16,16,16,15,15,15,14,13,12,12
新主播李宇希sherry,✨love 希❤汪汪,Ivan,✨love希❤️永泓,🌸夢幻花貝比❤,Nicwin,🔱黃金戰士№5🔱旺旺,已死,🌟可琳琳🐳Jerry,張優優,鎖住妳🔒偉認🔑,✨love希❤麋小鹿,☀️亞倫💫,☆阿德德★,🌸葳葳家@文忠😶,長笛夢幻花🌹護衛-冰羽,🈳晨晨☀嘿小妖,ZGMF-X10A~劍,林咻咻,已不存在,大大兵大大主播,新主播🍭七七🍭,貝比的拉麵🍜浪子🍜,Moyuko Woo,最正的凱兒老師💋男傭♠,🕊守護小洢🕊敍偉💋,🕊恬姿🏠 👹龍👹,✨🐯老昔鳥🌙♥️,絲絲幫 莙莙 政忠,Anita💯額妮塔🎈,‍,👧🏻郁雯💋美見小,尚書大人,😽安安🎤⛅崇崇,🈳彤㏼㍥金曲🔥右右,🌸花花💫諾爺⚡️,汪妹人氣票1642971,彈10下耳朵在超商射火箭,Ⓜ遊戲實況主Ⓜ包膜哥,齊天大聖🐲Jv🐲,靈芝,吉娃娃,🍼新主播✨香香老大🔝,林妹妹miu☘️祺,林瑞昇,🐉ㄇㄧㄠ🐈專🀄陽光,優酪汝💜Kris慕寒,黃韋綸Alan,💋藹蔚🌟星哥🌟,可兒の高手🎈,青銅13
2122957,483494,222094,67790,65511,53166,47535,42031,40474,36108,34033,28042,19189,16807,16366,15590,13762,13140,12893,10612,10114,7868,7521,7286,6689,6668,6456,5657,4174,3913,3630,3566,3440,3399,3188,2772,2627,2618,2522,2497,2214,2047,1883,1825,1745,1688,1601,1414,1369,1314,1314
手放開,主播➿田寶🦄,田寶的羅哥哥,520530,誰有火柴,歐爸,孤單寂默覺得冷,只能想妳,愛愛,過客,隱藏的大明星,軒,林弘祺,冰砂糖,林弘祺,加油！要努力戒菸🔥火大,跳起來,哈哈,走❤主播🐳妤妤,🍯honey🍯,妳不懂我的平凡✾南霸天༊,金曲投許貝貝💘A-Le,阿㍿東🎉HOGEN後跟,🐹米老鼠🐹,穎穎Ü,天晴,🐒mümüHu🐒珠珠,༺ཌ༈饕༒餮༈ད༻,꧁❀💞只想来分享💞꧂,🐊百變主播👑賀答🎏,貓貓💎鍾承翰🐱,人氣票麻煩請投小波妞🔫,黃柏綸,51f 🤙大鬍子,💕蒂蒂💕の志遠哥,林弘祺,123,🐹倉鼠鼠,🦄田田ㄦ的滷蛋哥,阿水ディレクターㄟ背影❣,朱࿈雀🐦࿐,新主播🖤Vera薇拉,圣祖仁皇帝,🐄晴㊣專屬粉絲🍌榮榮,ℳεετ🕊♡RoRo♡,小蔡,123,🍭豬豬˙Ꙫ˙巴薩拉💡,布丁,🎈📍😯凱文糖♨,。
2221039,2938,1168,580,359,200,101,101,100,85,69,65,63,55,53,50,50,38,33,30,29,26,22,19,18,18,18,14,12,10,9,9,9,9,9,8,8,8,8,8,6,6,2,2,2,2,2,2,2,2,1
露露🥀,ℳ皇の祺將ღ,🎀泱泱🎀のQoo,露露の专属天使,🐰ca🐔馬,♒優兒の金金®✨,徐則林🎀🕊😈🔆,🈳🈳,廷ㅇㅅㅇ〃,😇台南送重機😇,菜蟲不吃菜心☯楊過,🍿️爆米花🍿️,MG🌛月老,🍬咪紗專屬男寵🍬,🎀人氣投泱泱💫丞瀚,露人♥,🎀泱泱💫✨壞壞✨,不刷浪花真男人,人氣主播🎀泱泱💫,療癒主播💐小妍希💐,😽🐰🐥🌸菜蟲🐛,絕緣体,昊毅,安娜贝儿,小🌟loveingin,寵愛露露❄小貴,🙄咕雞🐔,💕草哥🧡🎀,大胖熊,子蔚🎻阿姿,❄小貴,🎀小💨💨💫壞蛋♡,湯匙,柔情依舊,歡迎 米腸弟兄😳,倪の大魔王🖕,喝水,小鹿🌱,🌼露露🌼瑋,露露🥀kuku🐈,二虹,🌟寬仔🌟,🐠小魚兒🌼白白已倒莊,🍀小鈴鐺の高峰^^,小曳,萌騎-A魯蛋,💐小妍希💐🐟の貝瑞,紅0,露露🗿雨路雨路,911玖壹壹,嗚啦啦
1420985,161841,38397,28264,19307,14414,8677,8671,6362,3866,3442,2406,1693,1444,1300,998,800,674,674,666,659,256,204,151,146,142,123,117,107,100,87,80,62,52,49,48,46,42,41,38,38,31,28,27,24,22,21,21,20,17,17
🎀👻Joe💕💫,你的寶貝👻香艾💕,✌🏻妮絲❤️,☁ann安妮⚜️,💕草哥🧡🎀,H,🎸茵茵🎯Tony😈,🐷🍰思思💍 三千斬,💫琪琪💫,香香,古龍水-小超人
1244458,4386,396,329,328,95,20,9,8,8,4
新彈唱主播-范范🎙,明哥,俏叮咚,🌊芳小如💫小溫溫🌊,光光范范專屬管理員世欣,嗨！是YU小朋友,EZ星光,🌊芳小如💫小程🌊,大涵,阿堯,☣ ️忠 誠 ☣️༺༻,Ellie,🦋佑兒專屬🥀左邊♥️,新一波主播🎸子沂🐏,🎵放空主播🌞王哈哈,☣C忠M誠C☣️༺,金主,子蔚🎻阿姿,曾誠正,煮剝熊熊貝兒🐻,💙人氣樂樂💙湊人數的,☀️彈唱晏琳🎹德榮,新主播🖤Vera薇拉,36歲的俏玩爺,👻李麥問👻,范范小曲艺,🕊page1🕊,🌠,♋巨蟹男👨咖啡師 艾文,李千莫,Lynn小羊🦄馬特🐻,我誰都不是,俏俏,💗麥麥小寶🐰肉圓,高定亞🤙🤙🤙Skr,拉拉家喵喵🐻,我 (如) ~ gil,小安哥,26歲的俏叮噹,黛西,云游神殿紅尘,為活而存,歌唱主播🎧柯漢克🎧,小俏俏,新主播bogi💛,暖肝系主播🎭Joker,璇在🌱❤️中🔲俊碩～,👑K歌之王🏆,﷽庭庭ㄦ專屬🐩苡安㊝﷽,和機器人說話的女孩-嘉茂,🔱極限玩咖🏄聖德
1213040,39511,10522,8348,3022,2412,1328,1230,661,560,438,420,377,331,273,270,226,204,189,148,107,83,66,63,42,41,37,37,36,34,33,30,24,22,21,18,18,16,16,16,14,14,12,12,12,10,10,10,9,9,9
新主播Alina娜娜🎉,negan,🐰專屬予瑄🐰波波,知足是喜悅於每個當下🤔,菲進妳❤️明璋🍠,湘,金賢胖毆巴,貝貝💕蠟筆小新,💗犯規の四面玲瓏💗,張仁和,🐳YA🌹,🌼薇拉⚜Mr.W⚜,走❤主播🐳妤妤,❤,⚓ㄧ生飄泊🌊乳香二當家,心娘娘🌸輔佐大臣 呆輪,[SaT]韓傑,🎹新主播🌹孟孟兒👧,🍭吃貨韓娜娜🍭黑咖啡,་ཻ老་ཻ⃢公་ཻ࿆་ཻ,❄雪列☃,Aries🐏🐏🐏,甜聲主播🗝楚楚,💗專屬韓娜娜💗DIO,♋巨蟹男👨咖啡師 艾文,湘湘兒🍭,🎼★模王藍天★®🎶,國民妹妹147女孩予瑄,🌸汪妹止渴🌺萌༒萌,虎牙妹♥台南永康志峰,嬛嬛💋,💋FiFi💋戴祥,⛵守護鮮鮮⛵啾肆乂醬🍈,自然系主播⚡黃強,改革家國動,大千,💗妤🐳臭胖胖,🦁💗Ander💖,༄ི༩浪夠了就回家৯࿐ི,室友,小仙女,我❤婆婆,柏柏,💗專屬韓娜娜💗520,🦄漾漾💕,🥀陳伯,人氣票麻煩請投小波妞-弟,💛新主播強尼💛,了然,俊翹美男👦🏻毛毛老師,❤甜心卡🍖流星雨
2943739,60678,6211,4642,2634,2057,2043,1299,969,703,590,560,338,332,297,275,257,255,243,143,137,126,92,81,44,38,30,29,28,27,26,20,20,14,12,12,10,10,10,9,8,8,8,6,6,6,6,6,6,6,6
新主播🎀樂樂🦄🌸,小菜,⭐Ni💫新主播🤤豆腐,劉順宇我❤你,江湖大盜,歡樂直播間💃新播妃菲飛,✈圍事🌸,嗨！是YU小朋友,菲你不可💃☀️晴天🌻,🎀樂樂🐷の嫻嫻,꧁晶氏㍿༊꧂賈絲汀,🔝🐈黑子❄️☃️,神秘人😈,此帳號先關閉,Xu💋,🐝張東希👻,。,ば⃢か,嗯激抖,🦈豆花➵🌔🌓月🌒,冠豪,🌸渝兒水中游🐷喜煩,新主播🐾你の北鼻🍼,小夏專屬小男孩,♔ xo 。水煮蛋 🎰,♔ xo 。歐姆蛋 🎰,👶寶寶☀️Morrow,王睿,LoVeδ阿吉★,🔰新主播🍥小夜🔰,叫我誠誠,彭琳潔,那個她,7⃣️7⃣️🍼➕🍫,姵菁～,老皮,yo💋守護者💋太子爺,ৡ胖虎ৡ詐騙集團ৡ老公ৡ,꧁♡⃛姚全♡⃛꧂,安婷,小凱,👻Alin00∼妞妞.,♔xo 。金鏽鹹,風起雲湧,蘭馨吸煙區管理員 小剃,寧均,貓兒,小安,善良的男人🤔陽明,魚➕米,Amis主播🔱GD🛡
2983693,5452,3762,1613,1149,1126,990,925,827,814,666,560,500,418,401,365,338,335,243,206,206,179,145,121,117,113,108,100,100,99,66,61,46,42,38,38,33,29,28,26,24,20,20,18,18,16,14,14,14,12,12
Ð🐖調の傻ℜℴӥℐ🦈,白白,天父的孩子,MMの柑仔💖,楊小孟,Ｃat,Ð🐖ℜℴӥℐ🦈亞米,Ð🐖ℜℴӥℐ🦈虎斑花,小小男孩💃啊樂👑,MMの汪汪💕,🐖小傻榕🦈,👿那個紋紋👿,保育旺,小惡魔💔💔,咻,東💯專屬💕萁萁,忻恬的 帶刀護衛 旻辰,パンダ,柚子💜,麵家の天諭,💘繫奇諾💈小豪弟🔥,看破浪的人生🐯真人,小班,💕葳寶の咻咻啾.💫,麵家の臭臭,魯咪塔羅牌🐱神祕占卜師,型男才藝有慶🐄🐄繡吟,羊,☀樂園🎡の威利👦🏻,坏坏的好人,天方夜譚,果醬🐔🐔肥⌚石宜✨,樂凡😈80喬,哈利🌟神秘人👀,❀黑部࿐,人氣🔥曾勒🍒👢薛薛
1480180,5613,561,520,89,68,63,54,50,49,40,29,24,24,23,21,20,19,15,12,11,8,8,8,6,6,3,3,2,2,2,2,1,1,1
撒嬌系新主播🐽愛文🌈,㋇㏥㍤試播❣涵兒✨,［诈騙騎士帮］MS跑哥,陪伴系新主播🐴小馬💥,8/9生日趴白馬王渚🍎,🌲木質EN6🌲,㋇㏠生日派對🎉油膩🍀,泰瑞莎,🌟療癒主播🌈小超人❤,霸氣🏠店長Tim,新主播🖤Vera薇拉,龍龍,九怪主播🌈很難聊小姐,Tomorrow☀️,［诈骗骑士帮］小馬,👽ⓨⓤ外星人ⓨⓤ。志恩,靜靜等待中,彈唱小精靈🐣小雞🍗,新主🧚♀小仙女👾,愛笑新主播🌸笑笑🌸,新主播🙄口哨妹🙄波波,跳痛新主播💗佛萊迪💜,主播小依林🌙辛妮,誰的王子👑鑫兒主播🍎,🐽愛文🌈阿鴻,天💩主播💫小智🔥⁶,我是〃樂樂   ♥,華仔ﻯ,擠噗啾啾啾蒂❤️💋,🎡在摩天輪の💠木耳❕,彈唱主播🎸崑紘老蘇,🐋佐易🦖丟搞,魔鬼中🌈出天使,💋Teddy🐻小白,漢娜寶🏦艾琪💕,開朗小貓后🎈貓小可🎀,泰恩與蘇迪寶貝❤育愷,🐽愛文🌈Wang,🐽愛文🌈佳蓉🍋,魚老師🐟冰凌,💗Stan,🐽愛文🌈姚子天,🐽愛文🌈milk,蘇迪🌵笨宇🍀,。,Real新主播TP∞萬萬,仔仔🚀璨寶🎩萌²噠∼,🤞🏻噴火辣手欸⁶🌶,Ms_麻糬🍢📲主播,🐽愛文🌈子研🐨昆尼,🎩璨寶🎩霖_린🍋
2725405,14610,11775,9610,8032,5442,4717,4580,4253,3511,3463,3150,2925,2467,2168,1816,1712,1087,1048,968,777,689,360,317,214,143,138,123,112,106,100,99,86,80,80,80,70,69,60,59,50,45,44,40,39,39,34,34,31,30,25
筱乙,~財和~,😈😈裕😈國😈😈,QQ,隨緣,筱乙1,。,J,🌟阿醜👻,筱乙3,🐉不比只後援🚫小皇上,失蹤人口嘎逼,岌岌可唯,靜靜等待中,孤獨,ㅤㅤㅤㅤㅤㅤ✎﹏沁成,鳳,綠龍🐲💡,🍀依依ʕ◕ᴥ◕ʔ✮ღ,👊千面金曲✌打雜小妹,零 ⃠ 8 ⃠零 ⃠,與神同行_Jade,野生主播☠️雷歐💤,⭐️人氣票🎫投鄧鄧🔝,㋇㏠綠龍1週年🐲妃兒,金曲🙌🏾翊忻🎤,🎵🎤🎧👊千面面✌,🌹專屬莎菈🌹庭慈,淺﹌,🐷播🐟米米兒🐾🌼,Benson🇹🇼™®,失蹤人口嘎逼,🎷薩克斯佐拉💋EVA,💕喵喵喵🐈酷貓貓,👊千面金曲✌書銘📚,ㅤ人氣腰瘦美鄧鄧🍄Jo,妃兒,🎡在摩天輪の💠木耳❕,🔱極限玩咖🏄聖德,永久封號,邊緣幫難聊🔮圍事組永靖,加菲諾🍼Eric,諾諾親愛的友友 喂😘,😋好心晴🐳,🖕✌️👌一二三,🎈📍😯凱文糖♨,月舞漾影,🎐尹兒🎐只愛尹兒瘋了,2099,Popcorn,♉♋筱乙♈☕印象咖啡嘎逼
1406050,64741,23097,16909,11250,10969,8460,7897,6602,4441,3294,3048,2709,2708,2135,2032,1998,1758,1366,1330,1314,1099,1027,1005,796,524,377,316,299,249,233,221,159,156,155,149,147,140,120,117,108,106,99,98,89,89,82,80,77,71,68
佛係主播-兔婷仔🐰,邊緣主播💘彈唱小寶🍀,🍔逸顆漢飽🍔喵修,宸宸,老衲用潘婷,可可豆,💋醉🌚貞子👁
2949177,2394,132,31,25,24,1
人氣主播🎀Miss布丁,🍮布丁專屬胖丸丸🍡,暑假休息中-布丁ㄟ酷哥,人氣票請投布丁-隨風飄流,Antoine安東,大大兵大大主播,Jack Hsu,💕莉娜控💕楊祐誠,🦄美少女布丁的子川🌝,雁,專屬布丁小公主の守護騎士,🌸摯愛香香💧心累,不用奧義._.吐司吐司,業凱,🔝➰布💫丁➰🔝,🙂美少女布丁的侑宸,🎃萊恩同學🎸🎙,薛薛🍒👢黃老闆🍮蔣,free_good,🍰️村村💠,😽🐰🐥🌸菜蟲🐛,乂飄洋過海來看你❤乂,〃蘋果軍團❥Hong〃,丁丁,專屬布丁美少女の偉基,這是布丁的男孩lun綸,厄禍之始 · 萬惡之初,布丁大姐頭的嘍嘍😈阿弟,阿棠最❤️死🐟👀,芋頭西米露,敗家子,☘️艾尔🔥,「 」,人蔘剩一組,[诈骗骑士帮]████明,不當kiwi很多年,🍮布丁🍮專屬阿翰,✨152👸閤✨叛逆ㄟ朝,💔💔,🌱小草🍃,八弟✨,❣️🐷聖媛👾🍠梨子,家銘,🎸茵茵🎸印丞,翰翰弟弟,Kimi_Wang🧡,殺手番薯,YR粉絲♥白眼哥,希臘神話記載：布丁是女神,李歐歐歐🤙🤙🤙,華哥
2733410,777815,474711,357415,270173,249838,183468,165139,114748,103522,98872,73450,72462,54401,45253,44635,36352,34864,34486,32902,32789,27095,24607,23650,22884,19942,19766,18017,17970,17618,15554,14831,14071,13972,13960,13422,11063,9198,8071,7558,5867,5860,5434,5200,5122,5050,4995,4779,4442,4356,4224
✨安迪兒來嘍🎤,小¥豪¥哥,🎀米粒🎀,琵琶小公主奈奈❤,🃏嘉嘉ʕ•ᴥ•ʔ,金曲票來投我🎹詩詩,🎤專屬安迪迪🎤姿涵,凱撒,丸子&詩詩家的勇敢果汁,新主播🐸蟾蜍,🤬🤬暐🖕鴿🤬🤬,🎀非米也可🎀擊敗人,🍰甜小芯🍯Aki,米粒，jem，佩妮💞盛,段子哥阿維,⛵勃帆⛵影,🌸摯愛香香💧心累,👸🏻遊樂園🎠娜姐。,🎙🌸小艾,福仔Phil,狐做非為,我是大帥哥✌️✌️️,蔡🌈🐽🌴🌱🐚,走過路過,屁屁魚,💗蛋捲🎵草莓,ToDay今🗽,專屬安迪迪&傻傻🎤香爺,亦欣,藍調女王💋JEM,ʕ•ᴥ•ʔ沛沛,哈哈哈哈哈哈哈哈,Jezza,☀金曲主播🎵小黑黑🍣,千萬🚭別看我頭貼☢️,愷家軍⚡韻如🐷🃏,🦉精靈🐽青麟🌟,🌟田顏玫Erika🎤,人氣遊樂園🍫巧克力🍩,⚠🍛🎀️🎬⊗明錩,R6✨,㋇㏫㍨OL胖虎試播❤韓大,Mu,〃蘋果軍團❥大寶🥇〃,🍼尼克,🤘洛克幫🤘燕子,✨新主播✨劉小風💋風哥,HK主播🎤阿智🎸,塔羅占卜☪Daniel,煜晨,Apple愛跳舞
1598859,86765,86310,42205,36145,28603,24341,22668,20979,20897,19806,17218,15488,15104,14820,14116,13160,11976,11916,10661,10223,10187,9592,8004,7716,7413,7362,7086,6924,6538,6499,6478,5915,5448,5200,5027,4949,4724,4519,3869,3764,3590,3500,3382,3361,2904,2494,2492,2492,2454,2370
歌唱女神宝儿～,Rv騎士雙頭龍,桃子家的Jay爸,飆悍🍌藻蟹羊尾三公分,一言不合就想帶妳走😯,💖奇葩培哥💖,黑牛,莉婭Liyaの前夫,ahq 牛奶,格魯特,💕寶ㄦ😍臥雲哥😘,韲㠯乄亖弎🤤迷妹,ฅ②俏ฅ專屬🍎冷傲心,云游神殿紅尘,🍉,🎀❤泱泱💕💫Joe,面具下的小B❤在哭泣💧,🐴马桶宝宝✨,木子小哥哥,🌑🌒🌓🌔🌕,璃儿,艾文,愛睏主播🐳金魚美眉💕,知足是喜悅於每個當下🤔,艾倫哥哥,波多,厚漱共💦🚱,風景,清一色,爆衝,妹妹🍵小雯雯🐠,🍁迷途🍁,此用戶已刪,老闆管家組㊙哥吉拉⏰醬™,九💗獅子丸の呸矩林❄❄,出肉和护甲的小提摩。,🇰🇷果醬軍團™德古拉,黃金熊🐻,黛西,Striking南麒,鬼头刀,歪膩🐻人氣🎸🐰,沒浪花的小熊🐻,邊緣幫難聊🔮圍事組永靖,兵兵,香菜【南部的口音】,阿毅,多多綠,SALUTE,아름🌄日出🌅日落🌇,🐳金魚美眉💕美美🌸
2837031,67788,66292,36231,23830,20703,17318,12529,6647,5509,4424,4371,3326,2966,2854,2730,2346,2320,2017,1825,1042,1022,1013,831,540,526,514,471,428,385,304,284,232,200,183,136,134,132,132,112,105,101,100,95,92,88,82,80,80,58,57
新主播🔥香爺,༺ཌ༈饕༒餮༈ད༻,Zero,㋆㏾㍬💞熱推邦俊💞默,👻李麥問👻,金茉莉👒妳不懂我的平凡,香爺家💪醬💪,叫我小美,虧雞命理師甲嵐,💔飛踢進場的💔帥爸,🚗🚗の約定,KC,🐘棠,小主播👻小鬼👻,㋇㏫㍨OL胖虎試播❤韓大,野原新之助,🐝張東希👻,妳不懂我的平凡,༄ི༩浪夠了就回家৯࿐ི,香爺家單計A餒,🍔逸顆漢飽🍔喵修,訃聞,守護記憶6秒👑沉魚落雁,蒋文明丶,N,超大正港阿刀,藥藥的西風,香 爺家沈明順,Jack Yip,🎙小奕🎹卡不✨
2918424,802,709,268,243,55,38,36,29,29,24,20,18,18,18,17,16,15,15,14,12,8,7,6,6,6,6,6,2,2
༺ཉི❦蘇珊萊馳❦ཉྀ༻,༺ཉི❦森林趴趴❦ཉྀ༻,浪濤🌠淽澐添🌠源,史黛西家族🎤芋泥,大尾妹妹🐕🐕🐕,吳主任,<3 忘憂,pub女英雄🎤史黛西,四阿哥,🍵陳一峰🍵,人見人愛の小幸運☆⁵²⁰,愛畫話✏️硬哥小笨妞🖌,╭雷╮（︶︿︶）╭∩╮,譚雅雯,定一,司徒進山,史黛西🎤家煮的狄咖,Chunhei Huang,被綁架的貓,🍀兔兔,༺ཉི❦花鳥風月❦ཉྀ༻,史黛西家族🎤桑拿蝦,不完美也很美~,🐟飛魚🐟三一樂團🐟,[台語唱將主播]黃敏郎,🌋小🌋小🌋呂🌋,健身主播💪罪犯🔥,🌹模王藍天🌹玫瑰🌹,🎹任性➡嘴不甜↙,看到我請尖叫,可可豆,🎼☆模王藍天☆🎶如花,狗狗✨,定國,^多喝水沒事沒事多喝水^,像風一樣的男子⚓冷冽夏天,沒顏值主播🤪小柳😳,Toby托比🌈佛系🎤,ゞTime✰,卸载、,花茉莉,靜靜等待中,一哥,史黛西家族🎤🎫餡餅,🎼模王藍天🎶木🎠馬,👊千面金曲✌書銘📚,Miffy,最愛老公打,🍼禎禎👶盈子,雪菁,史黛西🎤熾天使🚀
2128825,2110,1685,1478,887,708,588,492,460,371,328,275,206,168,166,152,148,132,122,107,105,105,99,92,86,83,70,69,65,54,50,40,34,34,33,30,26,25,24,24,23,22,20,20,19,19,18,18,17,17,14
新主播🎀兔寶儿,兔寶儿の後勤🎀流氓哥,兔寶儿🎀神皇上（神父）,👶寶寶☀️Morrow,兔寶儿の嬡妃🎀,新主播👯嚕嚕咪1h寶寶,2552210👶寶寶,阿陞,兔寶儿の曉貓🎀,兔寶儿の暄暄🎀,🍁豬小瑀🍁緣份😎,兔寶儿の欠楱心盈🎀,兔寶儿の呆小文🎀,兔寶儿の夢想靈🎀,怪獸,🐷yumie💕小醬,兔寶儿の揪愛聖🎀,兔寶儿の怪獸🎀,揪愛燒,蔡冠瑩,我不是五羅,🍁豬小瑀🍁,兔寶儿の阿萍🎀,棠棠,畢卡毅,小公主,愛蝶的拿鐵🌸,精神病患者,LOEY💕猩猩,☔DAI⛅,❤️涼麵🍝風中追風,蔬果主播🍅茄茄,守護記憶6秒👑沉魚落雁,Hu Daniel,熊寶貝,黑夜跨越黎明,💋ℒღvℯ藥藥💊星雨,🐷🍰思思💍被禁言中,ㄎㄧㄤ呆萌~佩佩🐷主播,🌬飛壘⚾️,半半家守護🐼鬼魂哥🎸,新主播❤️粉圓💕,.,🍁豬豬人嫑嫑也醉了🍂,走❤主播🐳妤妤,💣Zic粉•飯冰冰🔥,新主播✨欣欣✨,迷癲,🌸✨雪球菱兒⛄️🌸源,💋小中,ஆLao姥ଓ💕蕩秋騫
2627708,63880,50952,15398,14613,5169,3222,2433,1279,558,538,532,494,438,297,292,285,264,128,126,121,112,108,83,70,40,36,35,34,34,24,22,20,16,16,14,14,12,11,11,11,10,10,9,7,6,6,6,6,6,4
🌈柒柒,金曲票投莉莉🖕伊恩♌,(σˋ▽ˊ)σ,海很正✂╰ひ╯愛海久久〽,巨石牆歪,月月,愛台柒👉海肖兒,🍮流浪小布丁🍮,隨緣度日,瓦郎,張永明,海貝貝,【閔新】,愛柒👉小峰,我不是張海海,☀SuNnY詠晴🎀,李俊崋:)⑦柒心絕對,🌸無法無天🌸育王子,海樓爹🍗愛海久久✰╯,💝婚禮主持安祺💕國王,馬克,brian嚴⑦柒心絕對,Hi~Jack⑦柒心絕對,海海🍗深情不如久伴✰╮,🐠魚兒@老公🐠,🐩奈寶寶🐩灸舞,✨我是SuNnY☀,硻～,🦋海小如🦋,。,愛跳の碰碰😻,海噯噯🍗愛海久久✰╯,朴天慧 박천혜⑦柒心絕對,海車車🍗愛海久久✰╯,巴哈⑦柒心絕對,你一口～我ㄧ口,MMの千里,💙步新💕貝的,愛柒👉海懵懵,晚安,🎹🎤Ree睿騰,愛跳の桃花豬,阿則KK,抒情女聲🗼Share,🐉過客😁,慧妳꫞婷留🎙꫞君君兒,Spancer,小書 亞,守護筱默🍉龍魂嶄月,冰淇淋,海劉德華
1623901,541511,394593,315434,257670,251316,214464,211585,190442,139824,138987,134076,126055,101324,100401,97592,96120,72779,68340,67865,65766,65182,64413,54187,51125,37644,35776,35241,34675,28588,25164,24514,21912,21400,21399,20265,19176,19168,13362,13320,13140,13124,12468,12444,11776,10350,10112,9648,9433,9032,9022
新主播💔安娜董💘,䞂㠋䍻𡦀,守將,🍇葡萄乾姐姐,于君,麻糬倉鼠🐹麻糬咕咕雞,半半家守護🐼鬼魂哥🎸,小湯圓,🔹⊱飄你妹⊰🔹,💫土窯幫幫主🍔蚵P哲,NiN🐽,🌞～依依～⊙▽⊙💙,🍭リトルプリンセス🍭,（👻）飄飄家💜容姊姊,棉花糖,屁屁魚
1557976,43,36,32,32,18,12,10,7,6,6,6,6,2,2,1
Amis主播🔱GD🛡,༺ཌ༈饕༒餮༈ད༻,香香🌺,༺ཌ༈昀༒兒༈ད༻,咪嚕谷🍀超沒狸貓🍃,你的小可愛❣,依珊🐼,💋芭辣好累😳,小丸子主播⛵鮮鮮⛵,有你真好,人氣票投琪琪🎀jia,🐶旺旺🐶,♎沒才藝主播🐸廖氏如神,主播🕎所羅門,🏹威爺🔱,新主播💎冰心💖歆若,冰山主播™🌸歡歡🌸,👽ⓨⓤ外星人ⓨⓤ。志恩,⛵鮮の哈尼⛵悄悄的我來了,融融兒💋如如😳,🎭阿廷🕸雯,🌠昱昱🌠妍儿🎠,🎃萊恩同學🎸🎙,💙人氣樂樂💙,🦕任性男孩🌵小恩恩,🔥小林🔥,🌽👼🏻ಇ熊熊🐻,葉浩瑋,🌸摩天綸🎡ღ姍姍🌸,♊芮芮,8️⃣神搖🌬琪寶🏹,🌹新主播🐽呆呆❤️,✨樂園🦄欣欣✨,👑排灣歌聲👑✨阿青✨,帽子控主播🧢愛蜜緹🍟,所羅門🕎亦宸🕷默默,🎈你們的芮芮下線啦,30日20點公演❌KM,🏖失禮主播✵小潔ㄦ👒,☀樂園🎡の威利👦🏻,凱菈🎠限定版🐷,🍋魔人啾啾®🍌,🍎新主播✖️薰衣草💜,小瑞恩,新主播🌸燕兒💋,新主播🙄口哨妹🙄波波,💋融融兒😳,男神經哈利紅🔥晶晶,🌸衷心愛黛💘AN,👉帥帥の巧虎の柏儒👈,🥊喬許🥋
1253482,69307,35490,28769,23559,23372,22751,21866,21562,19302,18615,18303,17374,16777,16180,16007,15310,15011,13800,13584,13558,13533,12375,11243,11102,10512,10322,8601,8288,8096,7483,7227,6690,6455,6260,6079,5843,5587,5206,5101,5090,4964,4929,4723,4722,4543,4512,4207,4140,4116,3414
大陆新主播才艺表演阿杰,一笑😁奈何✝️,新主播🌸燕兒💋
2652038,20,2
🌊芳小如💫李宏學🌊,痠🎀,靜靜的聆聽~豪,🎠瑋瑋🎡石斑大咬😃,🎧,🌊芳老大💫的椅子🌊,🌊芳大帥💫芳乞兒🌊,快投票啦！幹,☀️亞倫💫,🔜查克茲👺阿學,⭐✎人氣➽鄧鄧の星巴克⭐,🌺EE👹の專情鬼🔥,⭐️人氣票🎫投鄧鄧🔝,淘汰女主播🍌🍇筱紫,🔜查克茲👺李阿學,如,👉😐仕邦👉😐主播,💥🍫人氣克🍫💥,🌊芳小如💫x萱x🌊,陰川蝴蝶君,😘蠢兔🐰ju,黃弘毅🍀,女頑茜茜🔥奇異果🥝,☔珮寶☔願望,💝野蠻跪妃💝,人氣投琪琪抽新光禮券🎀,班尼,🌊芳小如💫醬沒油🌊,兒雨🖖,🐰,帥氣阿公🇹🇼小熊維尼,莫名其妙,薛勇俊🐬,🍫巧克力專屬🍩狄默,꧁妃☬蜜蘋果☬粉꧂,ᴸᴬ狀況外主播✨AvA✨,🎰✨小鄭鄭✨🎰,🍊想妳的夜💝天空🍬,🍃,政佑♠鯊魚勒🔥小倩😏,tttt77777777,🌊芳小如💫小溫溫🌊,🐶,人氣票請投巧克のR浩🍫,大眼妹,關守,🎐娉娉🐹,小樂專屬😲♥芒果果♥,🦆這鵝太危險🎖️,耶,💋漂漂💋瓜²💜
1259569,76032,41133,33903,29454,16284,15243,15137,15018,9301,7701,6469,4318,3894,3885,2861,2744,2029,1993,1541,1379,1343,1329,1322,1211,1123,901,660,643,591,585,520,491,471,433,379,368,363,314,295,290,264,250,241,233,227,156,155,155,154,136
華 哥,💞Chien茜✨,小華哥,北万,567,歌唱主播💞糖心保材💞,007,101,009,靜靜的聆聽~豪
1335062,2628,99,86,30,30,17,11,6,6
暖聲彈唱🎸富益🆓,黑🌻富益🆓撩人螢螢,嘉嘉🌀,韋廷Kris🍀🆓️嘉,❤🎸🆓丫婷😻,🆓Cindy☀,🎸富益🆓🌞秋子🌱,黑🌻正宇是我🆓🌱,ᴀᴍʙᴇʀ☀️,愛笑主播🌱朵莉ღ,🌹人氣🎫漢娜娜寶🏦,黛西🌸夜貓女💋,☀金曲主播🎵小黑黑🍣,🐱潔西🐱阿宗,🔥勒勒🔥の迪迪,💋育褆家族³⁸小岳🆓,🌙辣糖果🍬💋,☀♌小昭,🎙Joe✨🎧蒼,🍟吃薯條の岑岑🎤,91.6公斤🐷吉米爺爺,人氣漢娜偷偷🍃何必問油,71🐑,人氣遊樂園🍫巧克力🍩,🎸富益🆓昀靚🗿,🎤艾咪不會彈鋼琴🎹,你の天使小結冰❄⁶,噗噗車ⒷⓂⓌ,ﬆ移花宮🏯花蝴蝶👘,ᏞuᏉ小隻主💐啾樂💋,漢娜寶🏦鐵爆了の哲油,💊,台北辣台妹😈ｃ吸⚡™®,🎵Haha🌞綿羊🐋,黑🌻菲比🆓,黑🌻🌟🐢,🗝🔓昕昕cc🌞🆓,¹⁶²⁹²⁴⁵人氣給漢娜,🐉意琦行🍷,台灣NO.1,ᴀᴍʙᴇʀ✌🏻,♥小綿羊羊♥,🌲木質EN6🌲,🌿🐲🏁💈新主播仰,🍁渾厚楓聲🎧達達,金曲🎫投健榮🦁盈憓,🍡甜湯圓要去遊樂園🎠,人氣唯一漢娜寶🚬李麥克,💓清新系主播🎐芮妮♬,🔥🌻衛明☕🌵🌓,🌈彩虹
1903723,419022,369845,356766,208370,192508,180987,174612,165535,137228,132712,132434,120776,92401,61594,58840,52474,47000,44589,41711,40744,32830,29885,28005,27837,25659,24840,23548,21914,21554,20544,19112,18566,18564,17804,17420,15424,15203,14667,14128,13778,13666,12893,12817,12657,12326,12266,11560,11071,10592,10586
🍭夢幻遊樂🎆小士一,二小姐-李漢娜,🌷DIDI。娣娣🌷,區欠,🎡樂遊小士一🎠普琳,最愛Kyle🌓熊兒🐻,🎡樂遊小士一🎠布克,🎵聲嘶莉潔🌻精采🎶,♊SN♡W㊐,追雲哥☁👉👍,Poison1Gas,老闆管家組㊙哥吉拉⏰醬™,GY驢驢兒❤,甄玲,Aidan🦌,Serina蛇芮娜,聊唱小主💢BN,Kidd,小婷,路過千萬別錯過💜💕,歪系主播❄DJ雪寶☃,⚃玩樂小士兵⚀餃子🔱,⭐Ni💫新主播🤤豆腐,🎩彬哥⚜️BenGo,☀️主播🃏King,🐬🐬🐬,💠🌈Johnny,新主播💙佑菲💙,⚜️歌唱の主播—Andy,👾👾👾真亦❣凱鴿,新療癒主播🌻聲嘶莉潔,粉大牌過敏兒🎧Fen,放棄愛情,マリオ 我愛羅,🦁獨角仙🌱,幼稚園殺手,魏川川,💯%笑欸🔹不用裝B☕,金曲奖评审,請追蹤棠棠2981569,🤧粉大牌🎸喵你兩拳,蘋果坑&馬耀達明🍎,人氣請投給美金💰朝揚,好人,🎤王桀Wilson🕶,道奇,💯%瘋人氣🔹笑欸➿,apple,🤞🏻噴火辣手欸⁶🌶,😀😀Only you,米格爾미겔ミゲル🇭🇰
2516392,7587,6047,5526,4348,3652,2249,1944,1804,1122,1051,875,740,600,572,396,366,223,206,112,75,68,50,50,45,45,38,36,35,35,33,32,28,26,26,25,24,23,18,17,16,16,16,14,14,11,11,10,10,9,9
新主播🎀卿塵💋,jacky時尚,吃貨主播💔仔仔暖男,💖月黑風高🔯傑森劉♈,喬兒8/1.13點試播喔,新主播❤涵羞草🌱,㋇㏠㍣試播💐愷熙151,九💗獅子丸の呸矩林❄❄,🎀卿塵💋小煜,魔術主播🌹三八花花🌹,❤新主播-圓圓☀️,傾國卿塵💓傑森弟,🎹新主播🌹孟孟兒👧,千千專屬❤️無名,🐝張東希👻,玻璃心,🎀傾塵💋筱妃❤️,🐼🌺💅➡海藍⬅,… 觀 …,黑糖奶茶,昏叫,孟孟,月月仙子懲罰你菲力牛排,🔱極限玩咖🏄聖德,九💗獅子丸❄PAGE林,歌唱主播敲敲門🔥敲敲,🎀卿塵💋kv0115,👼🐒🎤珊卓拉🎤岩,一生邊緣༺怷༒怷༻,甄玲,鍾愛❤️小傑森,❤small❤小項❤,一路向北,聊唱小主💢BN,台語主播🐒快樂享受人生,朵拉朵拉朵朵拉,鷗巴別塔,俊翹美男👦🏻毛毛老師,✌🏻妮絲の寶貝❤️煙²,💄唯愛子靚🎙發哥🎮,❤小項🐘small❤,沒昕昕~剩投票功能~海浪,櫻桃專屬守護🍒豬豬寶寶,🌪保🌪力🌪達,主播🌟J🅰🅱S💫,pat,💗小瑞,mr,lee=李李，,金曲投pk女王💋媫JJ,肉饅頭,新主播✨憨娜💙謝謝捧場
3001113,5013,1223,1207,527,508,475,405,344,331,199,196,165,146,139,107,95,78,78,68,66,60,59,58,47,39,38,36,35,27,26,26,26,20,20,18,18,18,18,18,16,15,15,13,12,12,12,10,10,9,8
新主播 微肉女孩♡狗狗,李奧娜專用🎠only✨,🍭🌸恬恬專屬✨威士忌,雲,小小龍,無情野哥🖕比菲多,Ki Chan,🐳YA🌹,永振,🚗🚗の約定,kamiyama,CiCi🍋81,懶打字，不追蹤，別理我,總幹事,🍭心頭好🍭中壢AJ哥,🐈幸福の昭昭,╭微笑╭,貝貝💕✯✿PŐŁØ✿✯,笑起來HE HE HE,守護記憶6秒👑沉魚落雁,安志,揉碎女人心,懶打字，不追蹤，別理我,peter,彈唱主播🎸崑紘老蘇,xx.zz,🔹⊱飄你妹⊰🔹,毛小孩🎤kk,浪花淘盡就該消失的小馬哥,愛情靈藥,🌸汪妹止渴🌺萌༒萌,ㅤㅤㅤㅤㅤㅤ✎﹏沁成,人氣票請投小清新🕊貓爺
1874250,1007,565,498,188,138,114,80,27,20,18,14,12,10,10,10,10,9,8,7,6,6,6,6,6,4,4,2,2,2,2,2,1
㍩熱推🎶木可✏,🎤木可♥ Mico,✏️木可🦋Tweety,木可✏柯總監,木可✍️浪頭上👅,木可🔞鼠鼠,追蹤真男人勇神饅頭刀鋒,木可✏路人,👉木可👀環遊世界,👽木可🤘偶是ㄚ公,🌱努力向上🌱真芯🐛,反差蓮霧🍃汽車故障,🌹人氣🎫漢娜娜寶🏦,💫🈚🈹🈹💫,💮妍希🎯,移花宮🏯花蝴蝶👘,祝語艾🎨繪畫手作台,⚽️🚶‍♂️💨樓俊™,¹⁶²⁹²⁴⁵人氣給漢娜,🦕任性男孩🌵小恩恩,🌸熊熊丫,無情野哥🖕,☀️陽光笑笑☀️,🎈人氣偷偷💙,阿喜,👉麥卡倫👈,Roy jim,文青系主播🎤賴瑞,琥珀,許紘瑋,木可✏子慶,☀️笑笑の管管☀️晏緯,🌼皇皇皇皇皇兒主播🔱,宏粉®劉彥豪,蘇迪🌵專屬貼身保鏢🕴,海派主播💫BeCa貝爺,✏️木可🎀拉拉,91.6公斤🐷吉米爺爺,喬兒8/1.13點試播喔,🎤木可。👀ᴍɪᴇʀ.,💯%瘋人氣🔹笑欸➿,🍹宥宥➰Regan🍻,🏦❀༺ཌ陌笑ད༻❀🏦,🍱愛料理¥米兒🍱,張美美,彭信祥,Michelle,🦉小貢丸,漢娜寶🏦鐵爆了の哲油,🍑🌹小新油,圓圓🍭
2881733,74731,69738,66237,46485,40993,39628,32487,23208,12420,8531,8160,7529,6812,6748,6680,5417,5406,5206,4717,4489,4185,4144,4046,3996,3303,3129,2632,2552,2258,2095,1878,1576,1549,1521,1444,1429,1378,1355,1337,1322,1322,1316,1314,1308,1107,1010,1000,999,986,969
㋇㏡㍨-㍪試播💋桐桐兒,🐲相愛和分開都是罪🐲,Jazz🐶🐶,莫忘初衷挺尹兒喝抹茶🍵,🐲北團💘👒飛,思念妳的心,EE🌺の☀佐藤將🐑,芩藜💋陳熙,早安甜心💘萱萱,阿冠,被桐桐80過欸邊緣欸狼,阿草,🌽cicaca🌽,唱飲主播⭐朵朵⭐,🦄句點ㄎㄧㄤ桐💎保羅,凹早主播💋才才💋,㋇㏫㍨OL胖虎試播❤韓大,🌤🇯🇵幫🌠Ju,林博裕,🐲新昇代💜仁之初💗,句點桐桐兒🎀只想守護妳,喵喵🐱Jason❤️,老恭的前男友🍊🍊🍊,新主播🖤Vera薇拉,潘潘潘,💖美娜💖魅堂寺洋,💖瘋才@就是無雙👿,♋巨蟹男👨咖啡師 艾文,再給我兩分鐘,🎏嘉達旅遊🎏阿昌,🐲新昇代🕷大蛛蛛🕷,四月主播🤩愛麗思思💋,YaLin,六月新主播🐱喵喵小公主,守護記憶6秒👑沉魚落雁,🐲新昇代💋翔隱❄,☀KevinWu凱哥🌟,            ,ৡ胖虎ৡ詐騙集團ৡ老公ৡ,偉智,🎙小奕🎹卡不✨,閃葛葛,💖 雅雅~喵『億』,👻李麥問👻,☣ ️忠 誠 ☣️༺༻,BOX,雲淡風輕,=黑糖鯊魚_敏哥,😺Mika🐷Blue,新主播🎤Gary,重榮
1432540,6921,3482,1630,781,273,262,218,206,158,152,141,136,128,121,113,101,100,97,95,91,80,68,66,57,56,47,42,41,36,32,32,26,24,23,20,20,20,15,14,14,12,12,10,10,9,9,9,7,6,6
💄艾薇💋新主播王子,🌟魚魚公主🌟空小弟,🍁關愛🍁關兒🍁忠慶,姊弟戀的點❣️小新,😛綠蠵龜🐿️,😏🗡笑傲江湖🗡,芳臻,免費仔,時尚嫑婷💃❤他哞⃢哞的,帕格尼尼,紅美黑大伴@世界第一,🐰🐰,🐚貝baby🐚新主播,鴨鴨😚,走❤主播🐳妤妤,💕新新💕忠慶,俊誠
1437153,56,28,15,11,10,9,8,6,4,4,4,2,2,2,2,1
打工祥,萱,💯%💫cute☕,美美,cute家💗姿姿,金曲請投俞安🦉蕙蕙,小郭,玫有李不行💩史努比,俊明,我期待,🕊,社會雨天哥,🧞,全力詹kingJames,熊貓123,星空♠️,🔹⊱飄你妹⊰🔹,Verona🎀起司粉,巭孬嫑粜浪爳兲蛋覔甭粜跑,da那裡有洗🌽玉米喲,💍Yuki🌸,窩德勞工,湯♨🐲☄光年之外🌟
1660655,10262,8900,5053,1535,229,192,151,120,106,52,20,12,10,8,8,6,6,6,4,2,2,2
新主播我是蕭蔓蔓💕,💕蔓寶💕專屬小跟班,🛡哇洗Ted🛡,🍼禎禎👶Terry,💜迷露寶💜浪漫飛行,💕🐟🦄林北馬哥,CKLouie,🍼豆腐禎👶阿和,大大兵大大主播,神射手,如,💕蔓蔓寶💕小郭,💃女力💪阿芬,🐲相愛和分開都是罪🐲,宋小霖☪,👑薇娜❌土豆,默默守護妳,智傑,🌊芳小如💫小程🌊,🎸茵茵🎯Tony😈,1006951小芬芬,此帳號先關閉,饒舌女孩❤巧巧✨凱凱💫,ivanswc29,💜小迷露💜Tsun,小迷露☪Luna,stuart斯圖,任小志,🌊芳小如💫張大爺🌊,☀️小丁做事小丁當🌸,林北🐎哥,九💗獅子丸の呸矩林❄❄,♈黛比比♈智傑,喬尹Joyin✨的柏宇,💕蔓蔓寶💕帥兒子,Luna.小玉 國棟,◾️◾️◾️,💜小迷露💜洛洛,帥哥Ray,🍭🌸恬恬✨主播,心裡有針,🦄曉紫🦄⁶老二,🌸人氣天使蕾蕾🌸帆♘,Jazz🐶🐶,🍅番茄炒蛋🍳,我是小魚,💕🐟林北🐎哥,Angelの字幕小倉鼠,༄ི༩浪夠了就回家৯࿐ི,新主播🍓莓莓,路過假面騎士阿平平
1007514,41939,23074,17990,16034,14829,11415,8770,8514,7766,3838,3588,3357,3333,3314,2628,1868,1453,1351,804,753,582,506,496,482,405,400,396,326,299,284,200,195,177,150,136,133,128,116,108,103,100,100,99,99,96,91,90,90,80,77
😇 仔仔😇,ღ仔女の㍿ღ楊勝雄,妳不懂我的平凡,阿永,ღ仔女の㍿ღ吃土人,ღ仔女の㍿ღ小米,ღ仔女の㍿ღkerin,public,ღ仔女の㍿ღ曉蕎,ღ仔女の㍿ 喬恩,單身貴族,ღ仔女の㍿ღ小可愛,懶打字，不追蹤，別理我,黃金女頑🔥茜茜,ღ仔女の㍿ღ 五月天,💞函函💞肅靜,一夜 書  🐱,小龍女,可愛俏皮傻妹家族（宏安）,明哥,☘️麗子☘️小租,袁明榮,☘麗子☘ 租,租,[台語唱將主播]黃敏郎,🌸Angel🌸仁鉉,cat,藝恩💞快樂💞阿伯伯,走❤主播🐳妤妤
1904303,1219,156,154,71,69,49,48,42,40,24,24,20,20,14,14,12,10,6,6,6,6,6,6,5,3,2,2,2
🌲木質EN6🌲,星夢🌲EN🏠Jia,🎄詠詠寶貝🎄,🌲瑋萱👻,想念麥麥的第一天🥁異類,🌲木質EN🌲～～丹迖,🤬🤬暐🖕鴿🤬🤬,En🌲蘋果核,塔羅占卜☪Daniel,🎠展展💈,꧁嘞是鬼鬼♛⁷⁶⁸⁶👻,星夢🌲Yuu,✨祺🇹🇼👉🏻祐✨,🎭阿廷🕸,AIの老婆༄夜༒貓࿐ི,✈️,LKZ💚树ᶻ,只想好好唱歌🖕🏻莉莉,愷家軍⚡貝殼🐚小二路,晲寶⁶⁸⁶⁸⁶⁸³⁸⁶⁵,✨香香老大🔝苡瑋,🌊小左🖤,sain,彎月,好好,萱❤❤❤,黎卉淇芝芝🎤🍷,🌴🌵ru🌴🌲,💘戳戳小艾莉🐰⁶,甕菲～萬萬歲,🌲語艾🎨茶茶🍵,D.N🐋我是佐易🏖,就是能唱💋樂群⁶,🔥天使人氣🎫曾勒🚶,💞萱妹兒🌲🏠🍸,雪帝,🌟🌸拉拉🌸🌟,啊JO~~~~~,聊唱主播🍛北谷,嘻瓜瓜🍉,兒雨🖖,Baidu.🙄,⚡️音樂主⚡️黃金雷⚡️,🌴Pm 偉倫🌴,🌲子庭🏠,樂群🍫傳說布丁🍮路過,🐋佐易🦖丟搞,我就是我,🦀️🦀️吃到掛😱,🌲木質🌲婷💕,金曲🙌🏾翊忻🎤
1180629,1055159,903547,564450,416273,304954,275183,262368,238445,217135,198999,194644,179870,174188,150253,141877,127984,110572,96457,92342,89583,86625,81966,81807,72910,63355,58147,52149,52036,51411,50386,50290,46541,45647,45390,44440,42397,42091,41709,39873,37401,35554,35112,34278,33018,32179,30959,30189,30000,27068,26750
女嬸新🐷播-王小沐,王沐的@,🏸🏸老夫子🏸🏸,王小沐的天空💖雪紛飛,Sport🥃,Sport🍀,lyc（誠）,愉2的真命天子❤️～柏毅,人氣Nico🌝玉米🐋,❥ঁ憐香惜玉😍永勝,皮卡丘🐱,王小沐的背後靈👻👾,尖叫中的鹿妃,Dazzling la Jia,Kenji Tang,藍燁航空✈️3C員CCC,尼老師勒歐北共,璇在🌱❤️中🔲俊碩～,王小沐的宇恬兒,barnes,蝦 展,🌊⛵⚓小冽⚓⛵🌊,純屬娛樂效果,丸丸兒.🍡,守護記憶6秒👑沉魚落雁,💣,于于,王小沐的遺失腹肌,思念妳的心,Philip Chang,女嬸🐷播的小赘肉,Beast_0731,小兵,重榮,王小沐 qe---銘,漂洋過海來看妳,🌷哎呀🌷道宗🙏善明,王小沐的樓梯司令,雨林,🎙小奕🎹卡不✨,小藍,轉身、走過、背影,🍭心頭好🍭中壢AJ哥,在彩虹🌈上的彈彈波,小號,✨點綴☀閃爍🌟,白賊龍,幼稚園殺手,🖤寵愛柔柔的森77🖤,smallfish87,沐沐美人兒的政興
1522153,164784,43541,43325,26591,25943,13140,10012,8403,5271,3170,3056,1965,1844,1389,1370,1358,1314,1098,931,807,666,596,489,464,353,315,268,214,171,168,167,146,134,124,115,109,105,105,101,99,86,76,75,58,51,50,43,41,40,36
🔰新主播🍥小夜🔰,💯%瘋人氣🔹笑欸➿,林醺🌹,神秘老闆⚜️,專屬小夜💍小潔🍎,羅Live,❤❤の小良,歡樂直播間💃新播妃菲飛,伶•_•,【豪家】女孩,壽喜燒,⭐Ni💫新主播🤤豆腐,張丞佑,🌞小勳勳の守護🌟呆瑋,黑鬼,兆群🤙🤙🤙,新主播🎀樂樂🦄🌸,👽ⓨⓤ外星人ⓨⓤ。志恩,Yiru寶寶,✨靈☠魂💫,林益弘,🐝張東希👻,亦涵,Angelica Lin,ღ sö na ღ,Wei Wu,Chenjhao,🌞翔翔最強の護衛ღ呆瑋,文,Angelica2,聊唱主播🔮Amily,水母,邵邵a老婆♉寶鍹🍁🎈,🎭妍妍🐸,專屬小夜💍誼媃♥,一生貓奴༺豬༒仔༻🐱,認真思考,I’m🐶琉璃儿,✿°筆墨✒家馨（企鵝）,女頑茜茜🔥🐻熊仔🐻,水母好甜🐽拆台場控云,邊緣命理台☯️陳小威,🐃隆隆🐂姿吟,蘋果,六月新主播🐱喵喵小公主,新主播🖤Vera薇拉,藍天軒,綠龍村🐲🌱皮諾丘,一歲寶寶,阿凱,💓💞尹小禹💓💞媃
2997114,1383,1382,1338,836,811,541,298,283,219,208,199,154,154,117,109,104,99,99,87,80,62,61,60,53,44,39,38,35,28,26,22,21,18,16,16,14,13,12,12,12,12,11,11,10,10,9,9,9,8,6
豆渣家場控🍚阿哲我,就是個豆腐渣🍚,飆悍🍌藻蟹羊尾三公分,🙄咕雞🐔,🍎🍚🍩❣️Q芩🍊,厭世歌姬🦄淞雅 哲小號,🌟,☀吃貨主播💍Polo✨,神之繪黃老闆🌟高芽🌱,❤️涼麵🍝風中追風,🐜ℳ๓.果果°小乖♡,ʕ•ᴥ•ʔ💒Caris,懶懶貓🐱小ㄇ🌈,🎤艾咪🎹泰迪,🍚鄒恆,最菜的那種主播🦄️邵ㄦ,🚲,薛薛🍒👢黃老闆🍮蔣,子轲,💫泡沫💫,愛唱主播💖歐陽🤗,🐠小魚兒🌼大神🐠,🐹倉鼠鼠,🐉意琦行🍷,是你的赑屃啊,87🍚⚡鷹🤙犬⚡,古箏主播🐸琁兒,🎵喜歡音樂的小菁🎤,鋼彈吊單槓,無情野哥🖕比菲多,萱萱儿🍭停刷沒浪花😢,子沂🐏害咻一波舒芙蕾,💋醉🌚貞子👁,小小,🐺我的存在不重要,好大易芝貓🐻說故事的熊,♎沒才藝主播🐸廖氏如神,꧁❀💞只想来分享💞꧂,🎀💕點點,高級機器人浩呆,®西泉™🍭蕭笛哥🎺b,就讀安潔幼稚園的麥子雞,🥁半半🐼多多綠,不喝茶🍵,👑娜面芽藥妤💃啊豪,🎷艾倫家🎷宣寶,家蓁呆呆龍在這裡喔,🐰傑✨,走❤主播🐳妤妤,主播🔯靈寶👶,安娜贝儿
2558150,28299,5200,1654,1218,847,776,430,306,249,226,125,119,113,112,102,102,80,60,46,40,29,20,20,18,13,12,12,10,10,10,9,9,9,8,6,6,6,6,6,6,6,5,5,3,2,2,2,2,2,1
穆吉,痠🎀,🎼牧童哥🐄,發發☀️Sabrina,平靜看待ㄧ切,🦈小老爺專屬💋小情人,✨🌺Mina🔙鋼粉,🐕阿俗ASong🐾,頑童,療癒主播💐小妍希💐,洪綠,🕷️發發發®️,8/26🍙音樂會~傻眼,黃弘毅🍀,藍調女王💋JEM Lu,失業主播🐈貓漫漫,何爵爷,🌸chiahua,小丸子,Puppy,💓王董💞,💗犯規の四面玲瓏💗,毛帥,啦淇兒,🍡花枝丸🍡,घरेलू हिंसा,🦁💗Ander💖,嗡嘛呢唄咩吽,徐清祥,《Freddy團》成員 Asriel Dreemurr,夜～微涼,巨浪,小虎🔱,🦋飛蛾✨,哇,🍖小骨頭🍖,小曼🌈《黎雅Riya》,🍀 小工友 🍀,💄紀梵希,📸孜孜家❤玩丸⛄,紅衣👺老男孩👺,人氣票麻煩請投小波妞-弟,...,WON,🐊百變主播👑賀答🎏,81,🌠,低調,長笛亮晶晶,阿永,😜😜😜
2004264,109459,3461,1314,1277,1045,347,288,232,200,126,99,90,90,83,80,78,77,72,69,60,53,50,47,44,43,43,43,42,33,32,32,30,29,28,26,25,24,22,22,22,20,20,20,18,17,15,14,14,14,12
主播:☠🎀🎵欣爺🎵,👊宣宣~👍❕小美女,💝天使 情人💝,靜靜的聆聽~豪,💫泡沫💫,妳不懂我的平凡,千面家的猩猩，😆😆,💖彭俊圓,嚴寶柱主播搶玫瑰花盟主,藍色的夏天@呵呵,💫 郝賢,🎵🎤🎧👊千面面✌,欣儀的牛,😈😈裕😈國😈😈,䊹ㄑㄧㄢˋ,台語主播🐒快樂享受人生,🎉隨緣吧🎉,💝天使情人💝,懶打字，不追蹤，別理我,小班,華 哥,追雲哥☁👉👍,微笑ღ快樂,小珍,主播:☠🎶欣爺！🎵,劉慧瑩,小莠,厭世少女瑪麗,阿玲,🌌黃🔥佳🔥豪🌌,🇹🇼大牛🐂🇹🇼,白天使💉RZ,閃靈237,↪🔧改裝企業🔧↩🚨,王建新,💐聆聽🐟鵝💐,保材哥的妹kiki,小珍,上將🌟🌟🌟參謀總長,專屬美魔女😊RZ,欣儀寶貝,💓王董💞,張宜婷,❤琇琇❤,🐝張東希👻,💮妍希🎯海星🌟RZ,最愛老公打,🤖人0.01浪花的感覺,金歹勢,黑人溫生蠔,💀超級大魔王
2106342,25679,9695,4942,3731,3043,2409,1563,1332,1279,1011,666,587,544,418,359,176,138,130,128,123,122,120,106,93,87,81,78,65,61,59,55,48,47,46,42,42,40,40,35,32,30,30,26,26,26,26,22,21,21,19
可愛女神劉魚兒💓小龍寶,🈲孤獨🈲人生🈲,慧珍布農姐,帕格尼尼
1237451,104,15,4
交通主播🚦浩智,偉迪🔥Weidi主播,🦕任性男孩🌵小恩恩,麦銳娱乐 李希侃,哈利🌟,凌檬🍋,💣Zic🔥鄭羽涵美女,甄玲,新主播🐈甄甄🌸,🍑卡✖️斯✖️柏🍑,🍎甜主播❤糖小Q🍭,徐老獅🦁少恩,8/11晚7試播晨晨🌞,嬌縱女聲🐿妮蔻🌹,愷家軍⚡貝殼🐚小二路,威翔😇🐞😇,🇸🇬主播🕊巧兒🕊,吃貨主播💔仔仔暖男,John Jiang,🎷艾倫家🎷宣寶,🐽愛文🌈佳蓉🍋,抖音小主播💕藍星🍋,🍎新主播🌟晨琀,James,幸在肉貨🎈🚦❤可兒,水仙^_^情緣,何爵爷,་ཻ老་ཻ⃢公་ཻ࿆་ཻ,ÅWÜ✨暖萌主播阿巫💎,小青ヽ( ￣д￣;)ノ,Tony,文青系主播🎤賴瑞,子蔚🎻阿姿,💕豆肯尼💕品品,我是大帥哥,K先生🐗陳默,30日20點公演❌KM,🌹專屬莎菈🌹庭慈,🍼北鼻の轉身之後,傑克斯🧛‍♀️熊🐻,新主播💎冰心💖歆若,🎸潔,新主播❤凱凱🍭,🍎新主播★伶伶,魚老師🐟冰凌,屁股蛋❤佳容,💫艾迪⛅靜雯💖,新主播🎊小榆,⚜️神經主播🌝樂樂🤡,暖肝系主播🎭Joker,emily
2254122,18694,11409,11364,5674,5118,5013,4740,3861,3751,2980,2695,1945,1839,1304,1271,1026,1008,999,666,643,596,575,528,421,328,327,317,270,232,226,175,161,152,136,133,126,125,124,114,107,100,85,84,83,80,78,65,63,58,57
⭐Ni💫新主播🤤豆腐,捷,歡樂直播間💃新播妃菲飛,♋巨蟹男👨咖啡師 艾文,♈新主播🎀岑岑🌸,0730試播🐾伊比主播,愛笑新主播🌸笑笑🌸,🐝張東希👻,糖果不甜,🦖甜點師主播🍰EE,✈圍事🌸,许语庭,🍭夢幻遊樂🎆小士一,瘋新主播🌸Blue🌸,🐹倉鼠鼠,🎀Emma🐷,🐾迪兒只愛的💞瑞奇®,新主播🌸燕兒💋,。,新主播🖤Vera薇拉,走❤主播🐳妤妤,就是個豆腐渣🍚,⭐️星主播💫妮Ni🍄,ば⃢か,喬兒8/1.13點試播喔,主播你好嗎,走心主播✨錢兒,🔰新主播🍥小夜🔰,新主播🦄❤雯,香菜【南部的口音】,忠豆腐粉👷5269❤,🌸汪妹止渴🌺真心蚊子,任性主播🤪千千🐻,嗨！是YU小朋友,新主播🎀樂樂🦄🌸,混血歌姬😈HANNAH,廖亞飛,人氣🎫藜兒👸海,☣༺ༀൢ太༒子ൢༀ༻,💍我是主播祖兒💋,新主播🔆陽光仙女🔆,尼老師勒歐北共,新主播✨金魚腦栗子🌰,流浪主播🍵烏龍綠,💝天使 情人💝,我系北七,劉育宏,混血主播🐾迪兒,帽子控主播🧢愛蜜緹🍟,7⃣️7⃣️🍼➕🍫,🌓凰亮亮🌗
2807584,18045,7884,6189,5944,2944,2628,2240,1856,1824,1398,1252,922,911,815,800,616,583,511,425,424,400,352,321,320,317,309,266,243,206,204,201,194,180,169,168,164,152,132,105,104,103,103,102,101,100,100,100,99,97,93
自然系主播⚡黃強,👶寶寶☀️Morrow,微笑主播～阿啾🌟,👅⁶9揪勾意,↺愛哭欸🐳↻ℍǻℕ™®,Pang🍀鬼龍🐲🐉,👉帥帥の巧虎の柏儒👈,😈偷腥團💗ㄒㄒ,❤琇琇❤,新主播-Leona🎠,騎士騎士7BuBu,⭐️星主播💫妮Ni🍄,新主播mr.smile,菜蔡🤪,🐱Mika🐷,新主播💜牛牛,2552210👶寶寶,逗主播🌠詼諧style,👿偷心團長唯一の妮妮,🎈不被需要不被想要🍌,🔥廣威🙈蓉兒,搞威主播🐢🌈德德💙,賴小曼,🌸渝兒水中游🐷喜煩,新主播🦄蔓兒🦄,🐡詩沐雨🐡,ᴰᴶ童話💍檸檬ㄦ💎,養樂多,【豪家】女孩,新主播組合的✡保羅哥🥁,laton雷童🌱,夢幻遊樂💄陳麥咖💋,彬彬彬彬彬,運運主人專屬💗小咪寶貝,新主播👶🏻幻幻✨,😻瑄瑄瑄瑄瑄🐽
2766923,917,424,301,142,133,99,98,60,54,35,29,28,21,16,14,12,12,10,10,9,8,6,6,6,6,6,6,6,6,6,6,6,4,2,2
莉莉₆的嫩煎小腹🖕凱文,莉莉₆的蒜蓉小腹🖕凱文,🤤🤤🤤🤤🤤🤤,路痴.羅羅亞。索隆,走❤主播🐳妤妤
1679638,9,6,6,1
🌤天晴🌤,人氣票請投藥藥🎀嗨翻天,❤️主播✈艾林🌏💮,✈艾要辛福🌏chen,🎙小奕🎹卡不✨,🎵太犯規了💋飛越🕊,🍫傻傻家-兔🐰-場控,反則の罪🦋💊泰盟🍁,༄ི༩浪夠了就回家৯࿐ི,家家,阿桃,✨甲夾小天使💫茂成,👑娜面芽藥妤💃啊豪,Kurt,🌊芳小如💫鎮夷🌊
1225136,4129,930,597,525,91,28,28,16,12,9,6,3,2,1
💫艾迪⛅靜雯💖,Pang🍀鬼龍🐲🐉,外拍妞💞彰化阿洧💞,婉婷,暖肝系主播🎭Joker,忠,💕^^冰❄️草^^💕,莫莫,中哥,守護記憶6秒👑沉魚落雁,💯%💫cute☕
2325944,51,40,14,6,6,6,6,2,2,1
哦耶,主播🐣蛋蛋YuNa💕,🌸言兒™🌸幾摳✨,🎹喬喬💛Lance,走❤主播🐳妤妤,米妮2931644求一票
1212465,520,8,6,5,2
嘉芬,🐈甄甄🌸勝天✨,喬喬,💗妤🐳臭胖胖,🌻無樂咘作ಇ小ꔣ桀ಇ,kevin,四一,💧㋇㏦㍩試播💧雨萱,原武傑
3095365,112,12,12,11,10,6,1,1
帥宣,低价回收工箱手电地图药包,魔鬼中🌈出天使,走❤主播🐳妤妤
1806652,24,9,6
🌻暖暖向日葵🌻,🌻葵家族🌻凱凱,Geolo Jacklim,新主播💙王霉✈,玖萱🎸鄉下住久,Jimmy,新主播🚗簡美麗🚗,愛拉夫游Whisky🥃,Jerry,🎼諸初蘇🎶死白目🎼,花茉莉,懶打字，不追蹤，別理我,🌸衷心愛黛💘自由,可愛的浪花,♋巨蟹男👨咖啡師 艾文,小麥肌🎈娜nita🎤,小瀰瀰的媽,🍫巧克力🍩護衛-冰羽,😛綠蠵龜🐿️,→_→童先生,🌋㋇㏠㍯試播✨范小冰,⚓ㄧ生飄泊🌊乳香二當家,專寵夏羽💕罐罐,浪什麼都不會，就媽蛋最會,🌻葵家族🌻死侍,💙人氣樂樂💙,🎙小奕🎹卡不✨
2752112,2334,952,100,100,63,40,27,16,15,14,10,9,8,8,6,6,6,5,2,2,2,2,1,1,1,1
石明取,💋🎙台語👍冬兒,小周,紅豆,聲命力量✨雪兒✨,💖 雅雅~喵『億』,🐰毛線➿賴文宗
2588138,426,45,18,6,4,2
♥️雨凝♥️,京🌠,黑嚕嚕,🔥🍃鄉民書局📖,❦꧁浪Bar✾飛龍王🍯,❤貝蕾❤小小小小小小小山,👽ⓨⓤ外星人ⓨⓤ。婕彤,周進賢,蠢兔❤️七武海,守護記憶6秒👑沉魚落雁,💋漂漂💋瓜²💜嘉和,挺主播不是用嘴巴講,❤️涼麵🍝風中追風,💕^^冰❄️草^^💕,💖 雅雅~喵『億』,胖虎,㋇㏪叢叢周年盛會🎨,雙魚寶寶阿偉,🍟吃貨,莉樺,吳適之,Costco,🍁豬豬人嫑嫑也醉了🍂,叡慈小粉🐏志銘🐏,王曉曉,💃nk,🌹人氣票投小米🍯琥珀,絕,尋找人生中的盛宴,剩菜
2717889,273,182,100,86,82,27,21,20,19,18,14,11,10,8,8,8,8,6,6,6,6,6,4,4,2,2,2,2,2
米漿
3097118
荒婷,💗妤🐳臭胖胖,呂明明,三公分館長,🔹⊱飄你妹⊰🔹
2876953,210,34,6,2
言雄
2447308
